Time,Ostatnio
10/02/2022,4.2435
09/02/2022,4.2495
08/02/2022,4.2842
07/02/2022,4.2858
04/02/2022,4.3042
03/02/2022,4.3097
02/02/2022,4.3669
01/02/2022,4.3946
31/01/2022,4.3960
28/01/2022,4.4097
27/01/2022,4.3903
26/01/2022,4.4108
25/01/2022,4.4108
24/01/2022,4.4077
21/01/2022,4.3754
20/01/2022,4.3592
19/01/2022,4.3496
18/01/2022,4.3576
17/01/2022,4.3342
14/01/2022,4.3425
13/01/2022,4.3468
12/01/2022,4.3214
11/01/2022,4.3181
10/01/2022,4.3187
07/01/2022,4.3511
06/01/2022,4.3708
05/01/2022,4.4034
04/01/2022,4.4110
03/01/2022,4.4038
31/12/2021,4.4176
30/12/2021,4.4318
29/12/2021,4.4219
28/12/2021,4.4289
27/12/2021,4.4224
24/12/2021,4.4339
23/12/2021,4.4456
22/12/2021,4.4412
21/12/2021,4.4269
20/12/2021,4.4484
17/12/2021,4.4552
16/12/2021,4.4426
15/12/2021,4.4196
14/12/2021,4.4429
13/12/2021,4.4492
10/12/2021,4.4246
09/12/2021,4.4076
08/12/2021,4.4121
07/12/2021,4.3896
06/12/2021,4.3901
03/12/2021,4.4227
02/12/2021,4.4169
01/12/2021,4.4317
30/11/2021,4.4648
29/11/2021,4.4852
26/11/2021,4.4956
25/11/2021,4.4486
24/11/2021,4.4635
23/11/2021,4.4760
22/11/2021,4.4845
19/11/2021,4.4783
18/11/2021,4.4289
17/11/2021,4.4314
16/11/2021,4.4178
15/11/2021,4.4074
12/11/2021,4.3929
11/11/2021,4.3924
10/11/2021,4.3714
09/11/2021,4.3400
08/11/2021,4.3355
05/11/2021,4.3532
04/11/2021,4.3536
03/11/2021,4.3231
02/11/2021,4.3463
01/11/2021,4.3703
29/10/2021,4.3490
28/10/2021,4.3379
27/10/2021,4.3330
26/10/2021,4.3131
25/10/2021,4.3175
22/10/2021,4.3108
21/10/2021,4.3076
20/10/2021,4.2747
19/10/2021,4.2573
18/10/2021,4.2723
15/10/2021,4.2645
14/10/2021,4.2609
13/10/2021,4.2625
12/10/2021,4.2643
11/10/2021,4.2783
08/10/2021,4.2833
07/10/2021,4.2672
06/10/2021,4.2398
05/10/2021,4.2754
04/10/2021,4.2710
01/10/2021,4.2360
30/09/2021,4.2669
29/09/2021,4.2697
28/09/2021,4.2648
27/09/2021,4.2409
24/09/2021,4.2413
23/09/2021,4.2482
22/09/2021,4.2649
21/09/2021,4.2623
20/09/2021,4.2283
17/09/2021,4.1935
16/09/2021,4.1869
15/09/2021,4.1951
14/09/2021,4.1813
13/09/2021,4.1729
10/09/2021,4.1879
09/09/2021,4.1868
08/09/2021,4.1438
07/09/2021,4.1375
06/09/2021,4.1599
03/09/2021,4.1475
02/09/2021,4.1528
01/09/2021,4.1547
31/08/2021,4.1810
30/08/2021,4.2119
27/08/2021,4.2521
26/08/2021,4.2386
25/08/2021,4.2477
24/08/2021,4.2595
23/08/2021,4.2727
20/08/2021,4.2670
19/08/2021,4.2677
18/08/2021,4.2382
17/08/2021,4.2584
16/08/2021,4.2415
13/08/2021,4.2245
12/08/2021,4.2197
11/08/2021,4.2271
10/08/2021,4.2272
09/08/2021,4.2205
06/08/2021,4.2501
05/08/2021,4.2276
04/08/2021,4.2295
03/08/2021,4.2415
02/08/2021,4.2359
30/07/2021,4.2439
29/07/2021,4.2392
28/07/2021,4.2598
27/07/2021,4.2519
26/07/2021,4.2437
23/07/2021,4.2208
22/07/2021,4.2154
21/07/2021,4.2236
20/07/2021,4.2231
19/07/2021,4.2394
16/07/2021,4.2178
15/07/2021,4.2220
14/07/2021,4.2090
13/07/2021,4.2270
12/07/2021,4.1903
09/07/2021,4.1854
08/07/2021,4.1826
07/07/2021,4.1483
06/07/2021,4.1247
05/07/2021,4.1084
02/07/2021,4.1216
01/07/2021,4.1157
30/06/2021,4.1168
29/06/2021,4.1217
28/06/2021,4.1010
25/06/2021,4.1184
24/06/2021,4.1218
23/06/2021,4.1325
22/06/2021,4.1136
21/06/2021,4.1338
18/06/2021,4.1512
17/06/2021,4.1694
16/06/2021,4.1482
15/06/2021,4.1539
14/06/2021,4.1322
11/06/2021,4.1330
10/06/2021,4.0986
09/06/2021,4.0968
08/06/2021,4.0845
07/06/2021,4.0775
04/06/2021,4.0704
03/06/2021,4.0683
02/06/2021,4.0622
01/06/2021,4.0659
31/05/2021,4.0660
28/05/2021,4.0832
27/05/2021,4.1018
26/05/2021,4.1038
25/05/2021,4.0830
24/05/2021,4.0862
21/05/2021,4.1061
20/05/2021,4.0911
19/05/2021,4.1048
18/05/2021,4.1154
17/05/2021,4.1211
14/05/2021,4.1349
13/05/2021,4.1321
12/05/2021,4.1448
11/05/2021,4.1398
10/05/2021,4.1674
07/05/2021,4.1483
06/05/2021,4.1695
05/05/2021,4.1667
04/05/2021,4.1477
03/05/2021,4.1313
30/04/2021,4.1474
29/04/2021,4.1444
28/04/2021,4.1466
27/04/2021,4.1353
26/04/2021,4.1212
23/04/2021,4.1164
22/04/2021,4.1384
21/04/2021,4.1221
20/04/2021,4.1249
19/04/2021,4.1296
16/04/2021,4.1149
15/04/2021,4.1171
14/04/2021,4.1166
13/04/2021,4.1429
12/04/2021,4.1201
09/04/2021,4.1109
08/04/2021,4.1190
07/04/2021,4.1409
06/04/2021,4.1516
05/04/2021,4.1420
02/04/2021,4.1423
01/04/2021,4.1313
31/03/2021,4.1800
30/03/2021,4.2153
29/03/2021,4.2153
26/03/2021,4.1834
25/03/2021,4.1876
24/03/2021,4.1847
23/03/2021,4.1695
22/03/2021,4.1675
19/03/2021,4.1667
18/03/2021,4.1782
17/03/2021,4.1552
16/03/2021,4.1729
15/03/2021,4.1441
12/03/2021,4.1204
11/03/2021,4.1349
10/03/2021,4.1190
09/03/2021,4.1337
08/03/2021,4.1402
05/03/2021,4.1296
04/03/2021,4.1012
03/03/2021,4.0936
02/03/2021,4.1034
01/03/2021,4.1083
26/02/2021,4.1153
25/02/2021,4.1020
24/02/2021,4.0817
23/02/2021,4.0943
22/02/2021,4.1234
19/02/2021,4.1247
18/02/2021,4.1404
17/02/2021,4.1474
16/02/2021,4.1581
15/02/2021,4.1483
12/02/2021,4.1561
11/02/2021,4.1672
10/02/2021,4.1600
09/02/2021,4.1351
08/02/2021,4.1296
05/02/2021,4.1341
04/02/2021,4.1575
03/02/2021,4.1437
02/02/2021,4.1452
01/02/2021,4.1660
29/01/2021,4.1791
28/01/2021,4.2117
27/01/2021,4.2224
26/01/2021,4.2113
25/01/2021,4.2055
22/01/2021,4.2082
21/01/2021,4.2019
20/01/2021,4.2026
19/01/2021,4.2041
18/01/2021,4.2122
15/01/2021,4.2114
14/01/2021,4.2023
13/01/2021,4.2003
12/01/2021,4.1741
11/01/2021,4.1813
08/01/2021,4.1641
07/01/2021,4.1549
06/01/2021,4.1729
05/01/2021,4.1913
04/01/2021,4.2136
01/01/2021,4.2203
31/12/2020,4.2090
30/12/2020,4.2206
29/12/2020,4.1831
28/12/2020,4.1356
25/12/2020,4.1517
24/12/2020,4.1419
23/12/2020,4.1562
22/12/2020,4.1601
21/12/2020,4.1366
18/12/2020,4.1244
17/12/2020,4.0871
16/12/2020,4.1010
15/12/2020,4.1213
14/12/2020,4.1172
11/12/2020,4.1236
10/12/2020,4.1096
09/12/2020,4.1245
08/12/2020,4.1298
07/12/2020,4.1418
04/12/2020,4.1280
03/12/2020,4.1238
02/12/2020,4.1230
01/12/2020,4.0896
30/11/2020,4.1276
27/11/2020,4.1361
26/11/2020,4.1379
25/11/2020,4.1228
24/11/2020,4.1125
23/11/2020,4.1342
20/11/2020,4.1324
19/11/2020,4.1247
18/11/2020,4.1324
17/11/2020,4.1485
16/11/2020,4.1296
13/11/2020,4.1458
12/11/2020,4.1544
11/11/2020,4.1447
10/11/2020,4.1541
09/11/2020,4.1544
06/11/2020,4.2068
05/11/2020,4.2305
04/11/2020,4.2380
03/11/2020,4.2438
02/11/2020,4.2968
30/10/2020,4.3097
29/10/2020,4.3250
28/10/2020,4.3285
27/10/2020,4.2773
26/10/2020,4.2671
23/10/2020,4.2548
22/10/2020,4.2662
21/10/2020,4.2467
20/10/2020,4.2504
19/10/2020,4.2642
16/10/2020,4.2364
15/10/2020,4.2440
14/10/2020,4.2028
13/10/2020,4.1791
12/10/2020,4.1446
09/10/2020,4.1466
08/10/2020,4.1608
07/10/2020,4.1507
06/10/2020,4.1650
05/10/2020,4.1639
02/10/2020,4.1664
01/10/2020,4.1490
30/09/2020,4.1949
29/09/2020,4.1889
28/09/2020,4.2478
25/09/2020,4.2086
24/09/2020,4.2079
23/09/2020,4.1883
22/09/2020,4.1620
21/09/2020,4.1722
18/09/2020,4.1268
17/09/2020,4.1334
16/09/2020,4.1384
15/09/2020,4.1383
14/09/2020,4.1250
11/09/2020,4.1260
10/09/2020,4.1365
09/09/2020,4.1215
08/09/2020,4.1173
07/09/2020,4.0936
04/09/2020,4.1164
03/09/2020,4.1138
02/09/2020,4.0828
01/09/2020,4.0500
31/08/2020,4.0729
28/08/2020,4.0740
27/08/2020,4.0999
26/08/2020,4.1057
25/08/2020,4.0947
24/08/2020,4.0862
21/08/2020,4.1024
20/08/2020,4.0692
19/08/2020,4.0580
18/08/2020,4.0566
17/08/2020,4.0846
14/08/2020,4.0803
13/08/2020,4.0879
12/08/2020,4.0921
11/08/2020,4.0900
10/08/2020,4.0879
07/08/2020,4.0988
06/08/2020,4.0860
05/08/2020,4.0836
04/08/2020,4.0761
03/08/2020,4.0850
31/07/2020,4.0991
30/07/2020,4.0912
29/07/2020,4.0898
28/07/2020,4.0987
27/07/2020,4.0593
24/07/2020,4.1014
23/07/2020,4.1061
22/07/2020,4.1084
21/07/2020,4.1177
20/07/2020,4.1429
17/07/2020,4.1692
16/07/2020,4.1618
15/07/2020,4.1524
14/07/2020,4.1742
13/07/2020,4.2037
10/07/2020,4.1940
09/07/2020,4.2083
08/07/2020,4.2072
07/07/2020,4.2090
06/07/2020,4.1884
03/07/2020,4.1905
02/07/2020,4.1971
01/07/2020,4.2019
30/06/2020,4.1734
29/06/2020,4.1633
26/06/2020,4.1955
25/06/2020,4.1834
24/06/2020,4.1762
23/06/2020,4.1573
22/06/2020,4.1593
19/06/2020,4.1885
18/06/2020,4.1702
17/06/2020,4.1815
16/06/2020,4.1464
15/06/2020,4.1077
12/06/2020,4.1399
11/06/2020,4.1866
10/06/2020,4.1356
09/06/2020,4.1200
08/06/2020,4.0857
05/06/2020,4.0764
04/06/2020,4.0916
03/06/2020,4.0792
02/06/2020,4.0774
01/06/2020,4.1115
29/05/2020,4.1637
28/05/2020,4.1687
27/05/2020,4.1516
26/05/2020,4.1848
25/05/2020,4.2452
22/05/2020,4.2576
21/05/2020,4.2433
20/05/2020,4.2770
19/05/2020,4.2840
18/05/2020,4.2989
15/05/2020,4.3397
14/05/2020,4.3331
13/05/2020,4.3379
12/05/2020,4.3371
11/05/2020,4.3301
08/05/2020,4.3165
07/05/2020,4.3193
06/05/2020,4.3184
05/05/2020,4.2997
04/05/2020,4.3204
01/05/2020,4.3174
30/04/2020,4.2973
29/04/2020,4.2878
28/04/2020,4.3107
27/04/2020,4.2908
24/04/2020,4.2975
23/04/2020,4.3147
22/04/2020,4.3205
21/04/2020,4.3021
20/04/2020,4.2975
17/04/2020,4.2884
16/04/2020,4.3171
15/04/2020,4.3069
14/04/2020,4.2797
13/04/2020,4.3167
10/04/2020,4.3023
09/04/2020,4.3024
08/04/2020,4.2899
07/04/2020,4.2812
06/04/2020,4.3123
03/04/2020,4.3319
02/04/2020,4.3163
01/04/2020,4.3439
31/03/2020,4.2991
30/03/2020,4.2844
27/03/2020,4.2803
26/03/2020,4.2469
25/03/2020,4.2924
24/03/2020,4.3443
23/03/2020,4.3611
20/03/2020,4.3004
19/03/2020,4.3428
18/03/2020,4.2581
17/03/2020,4.2279
16/03/2020,4.1985
13/03/2020,4.1469
12/03/2020,4.1439
11/03/2020,4.0843
10/03/2020,4.0630
09/03/2020,4.0825
06/03/2020,4.0605
05/03/2020,4.0497
04/03/2020,4.0212
03/03/2020,4.0304
02/03/2020,4.0393
28/02/2020,4.0641
27/02/2020,4.0589
26/02/2020,4.0589
25/02/2020,4.0513
24/02/2020,4.0503
21/02/2020,4.0396
20/02/2020,4.0294
19/02/2020,4.0113
18/02/2020,4.0199
17/02/2020,4.0060
14/02/2020,3.9936
13/02/2020,3.9955
12/02/2020,3.9951
11/02/2020,3.9933
10/02/2020,3.9988
07/02/2020,3.9889
06/02/2020,3.9772
05/02/2020,3.9630
04/02/2020,3.9920
03/02/2020,4.0212
31/01/2020,4.0179
30/01/2020,4.0126
29/01/2020,3.9979
28/01/2020,3.9792
27/01/2020,4.0015
24/01/2020,3.9713
23/01/2020,3.9621
22/01/2020,3.9454
21/01/2020,3.9400
20/01/2020,3.9491
17/01/2020,3.9477
16/01/2020,3.9367
15/01/2020,3.9334
14/01/2020,3.9196
13/01/2020,3.9140
10/01/2020,3.9129
09/01/2020,3.9244
08/01/2020,3.9116
07/01/2020,3.9197
06/01/2020,3.9025
03/01/2020,3.9090
02/01/2020,3.9064
01/01/2020,3.9180
31/12/2019,3.9176
30/12/2019,3.9176
27/12/2019,3.9097
26/12/2019,3.9067
25/12/2019,3.9195
24/12/2019,3.9173
23/12/2019,3.9214
20/12/2019,3.9080
19/12/2019,3.9150
18/12/2019,3.9143
17/12/2019,3.8949
16/12/2019,3.8875
13/12/2019,3.8983
12/12/2019,3.9053
11/12/2019,3.9133
10/12/2019,3.9271
09/12/2019,3.9197
06/12/2019,3.9013
05/12/2019,3.8997
04/12/2019,3.9053
03/12/2019,3.9150
02/12/2019,3.9017
29/11/2019,3.9123
28/11/2019,3.9253
27/11/2019,3.9188
26/11/2019,3.9157
25/11/2019,3.9134
22/11/2019,3.9084
21/11/2019,3.9134
20/11/2019,3.9131
19/11/2019,3.9048
18/11/2019,3.9188
15/11/2019,3.9034
14/11/2019,3.9344
13/11/2019,3.9367
12/11/2019,3.9150
11/11/2019,3.8972
08/11/2019,3.8801
07/11/2019,3.8718
06/11/2019,3.8806
05/11/2019,3.8766
04/11/2019,3.8799
01/11/2019,3.8612
31/10/2019,3.8720
30/10/2019,3.8575
29/10/2019,3.8638
28/10/2019,3.8694
25/10/2019,3.8819
24/10/2019,3.8821
23/10/2019,3.8737
22/10/2019,3.8765
21/10/2019,3.8897
18/10/2019,3.8912
17/10/2019,3.8926
16/10/2019,3.8863
15/10/2019,3.8936
14/10/2019,3.9065
11/10/2019,3.9106
10/10/2019,3.9272
09/10/2019,3.9546
08/10/2019,3.9704
07/10/2019,3.9645
04/10/2019,3.9525
03/10/2019,3.9530
02/10/2019,3.9874
01/10/2019,4.0293
30/09/2019,4.0179
27/09/2019,4.0413
26/09/2019,4.0397
25/09/2019,4.0357
24/09/2019,4.0317
23/09/2019,4.0334
20/09/2019,4.0058
19/09/2019,3.9607
18/09/2019,3.9413
17/09/2019,3.9396
16/09/2019,3.9619
13/09/2019,3.9418
12/09/2019,3.9546
11/09/2019,3.9681
10/09/2019,3.9536
09/09/2019,3.9511
06/09/2019,3.9804
05/09/2019,3.9885
04/09/2019,4.0074
03/09/2019,4.0113
02/09/2019,4.0122
30/08/2019,4.0213
29/08/2019,4.0195
28/08/2019,4.0362
27/08/2019,4.0198
26/08/2019,4.0137
23/08/2019,4.0273
22/08/2019,3.9963
21/08/2019,3.9904
20/08/2019,4.0132
19/08/2019,4.0150
16/08/2019,3.9966
15/08/2019,4.0287
14/08/2019,4.0320
13/08/2019,3.9712
12/08/2019,3.9835
09/08/2019,3.9682
08/08/2019,3.9680
07/08/2019,3.9535
06/08/2019,3.9452
05/08/2019,3.9607
02/08/2019,3.9477
01/08/2019,3.9254
31/07/2019,3.8951
30/07/2019,3.8882
29/07/2019,3.8797
26/07/2019,3.8663
25/07/2019,3.8532
24/07/2019,3.8746
23/07/2019,3.8711
22/07/2019,3.8568
19/07/2019,3.8581
18/07/2019,3.8430
17/07/2019,3.8444
16/07/2019,3.8416
15/07/2019,3.8437
12/07/2019,3.8482
11/07/2019,3.8287
10/07/2019,3.8312
09/07/2019,3.8348
08/07/2019,3.8179
05/07/2019,3.8186
04/07/2019,3.8153
03/07/2019,3.8082
02/07/2019,3.8097
01/07/2019,3.8061
28/06/2019,3.8228
27/06/2019,3.8273
26/06/2019,3.8296
25/06/2019,3.8373
24/06/2019,3.8376
21/06/2019,3.8317
20/06/2019,3.8337
19/06/2019,3.8165
18/06/2019,3.8033
17/06/2019,3.7997
14/06/2019,3.8005
13/06/2019,3.7957
12/06/2019,3.7872
11/06/2019,3.7921
10/06/2019,3.8062
07/06/2019,3.8037
06/06/2019,3.8211
05/06/2019,3.8311
04/06/2019,3.8301
03/06/2019,3.8340
31/05/2019,3.8297
30/05/2019,3.8238
29/05/2019,3.8263
28/05/2019,3.8198
27/05/2019,3.8153
24/05/2019,3.8215
23/05/2019,3.8364
22/05/2019,3.8225
21/05/2019,3.8139
20/05/2019,3.8184
17/05/2019,3.8180
16/05/2019,3.8100
15/05/2019,3.8051
14/05/2019,3.8113
13/05/2019,3.8131
10/05/2019,3.7794
09/05/2019,3.7743
08/05/2019,3.7573
07/05/2019,3.7581
06/05/2019,3.7551
03/05/2019,3.7547
02/05/2019,3.7615
01/05/2019,3.7568
30/04/2019,3.7482
29/04/2019,3.7617
26/04/2019,3.7788
25/04/2019,3.7760
24/04/2019,3.7719
23/04/2019,3.7395
22/04/2019,3.7449
19/04/2019,3.7515
18/04/2019,3.7489
17/04/2019,3.7401
16/04/2019,3.7557
15/04/2019,3.7657
12/04/2019,3.7759
11/04/2019,3.7916
10/04/2019,3.7850
09/04/2019,3.8035
08/04/2019,3.8078
05/04/2019,3.8236
04/04/2019,3.8206
03/04/2019,3.8249
02/04/2019,3.8435
01/04/2019,3.8324
29/03/2019,3.8542
28/03/2019,3.8425
27/03/2019,3.8376
26/03/2019,3.8283
25/03/2019,3.8211
22/03/2019,3.8269
21/03/2019,3.7982
20/03/2019,3.7765
19/03/2019,3.7782
18/03/2019,3.7774
15/03/2019,3.7880
14/03/2019,3.7899
13/03/2019,3.7790
12/03/2019,3.7770
11/03/2019,3.7822
08/03/2019,3.7986
07/03/2019,3.8094
06/03/2019,3.7813
05/03/2019,3.7876
04/03/2019,3.7926
01/03/2019,3.7903
28/02/2019,3.7911
27/02/2019,3.7890
26/02/2019,3.7945
25/02/2019,3.8149
22/02/2019,3.8231
21/02/2019,3.8185
20/02/2019,3.8151
19/02/2019,3.8124
18/02/2019,3.8095
15/02/2019,3.8129
14/02/2019,3.8127
13/02/2019,3.8157
12/02/2019,3.7961
11/02/2019,3.8200
08/02/2019,3.8061
07/02/2019,3.7877
06/02/2019,3.7714
05/02/2019,3.7573
04/02/2019,3.7529
01/02/2019,3.7589
31/01/2019,3.7422
30/01/2019,3.7524
29/01/2019,3.7742
28/01/2019,3.7848
25/01/2019,3.7817
24/01/2019,3.8036
23/01/2019,3.7863
22/01/2019,3.7819
21/01/2019,3.7774
18/01/2019,3.7895
17/01/2019,3.7840
16/01/2019,3.7934
15/01/2019,3.8053
14/01/2019,3.8125
11/01/2019,3.8012
10/01/2019,3.7925
09/01/2019,3.8236
08/01/2019,3.8260
07/01/2019,3.8207
04/01/2019,3.8167
03/01/2019,3.8156
02/01/2019,3.8190
01/01/2019,3.8108
31/12/2018,3.8090
28/12/2018,3.8172
27/12/2018,3.8013
26/12/2018,3.7861
25/12/2018,3.8048
24/12/2018,3.8057
21/12/2018,3.7899
20/12/2018,3.7879
19/12/2018,3.7884
18/12/2018,3.7989
17/12/2018,3.8003
14/12/2018,3.8024
13/12/2018,3.8039
12/12/2018,3.8001
11/12/2018,3.8244
10/12/2018,3.8175
07/12/2018,3.8039
06/12/2018,3.7891
05/12/2018,3.7840
04/12/2018,3.7824
03/12/2018,3.7745
30/11/2018,3.7947
29/11/2018,3.7751
28/11/2018,3.7927
27/11/2018,3.8040
26/11/2018,3.7980
23/11/2018,3.7969
22/11/2018,3.7820
21/11/2018,3.7971
20/11/2018,3.8091
19/11/2018,3.8038
16/11/2018,3.7786
15/11/2018,3.7560
14/11/2018,3.7772
13/11/2018,3.7751
12/11/2018,3.7945
09/11/2018,3.7608
08/11/2018,3.7456
07/11/2018,3.7434
06/11/2018,3.7554
05/11/2018,3.7556
02/11/2018,3.7685
01/11/2018,3.7809
31/10/2018,3.8049
30/10/2018,3.7948
29/10/2018,3.7980
26/10/2018,3.7911
25/10/2018,3.7882
24/10/2018,3.7934
23/10/2018,3.7642
22/10/2018,3.7569
19/10/2018,3.7422
18/10/2018,3.7742
17/10/2018,3.7493
16/10/2018,3.7368
15/10/2018,3.7552
12/10/2018,3.7461
11/10/2018,3.7544
10/10/2018,3.7844
09/10/2018,3.7755
08/10/2018,3.7834
05/10/2018,3.7669
04/10/2018,3.7753
03/10/2018,3.7759
02/10/2018,3.7798
01/10/2018,3.7617
28/09/2018,3.7547
27/09/2018,3.7524
26/09/2018,3.7643
25/09/2018,3.7749
24/09/2018,3.7884
21/09/2018,3.8216
20/09/2018,3.7982
19/09/2018,3.7950
18/09/2018,3.8100
17/09/2018,3.8215
14/09/2018,3.8272
13/09/2018,3.8110
12/09/2018,3.8159
11/09/2018,3.8140
10/09/2018,3.8132
07/09/2018,3.8516
06/09/2018,3.8533
05/09/2018,3.8269
04/09/2018,3.8194
03/09/2018,3.8112
31/08/2018,3.8281
30/08/2018,3.8009
29/08/2018,3.7731
28/08/2018,3.7410
27/08/2018,3.7330
24/08/2018,3.7418
23/08/2018,3.7697
22/08/2018,3.7463
21/08/2018,3.7648
20/08/2018,3.7846
17/08/2018,3.7689
16/08/2018,3.7958
15/08/2018,3.8334
14/08/2018,3.8140
13/08/2018,3.7954
10/08/2018,3.7789
09/08/2018,3.7351
08/08/2018,3.6974
07/08/2018,3.6888
06/08/2018,3.6990
03/08/2018,3.7055
02/08/2018,3.7079
01/08/2018,3.6836
31/07/2018,3.6935
30/07/2018,3.6913
27/07/2018,3.6961
26/07/2018,3.7057
25/07/2018,3.6934
24/07/2018,3.7064
23/07/2018,3.7289
20/07/2018,3.7123
19/07/2018,3.7294
18/07/2018,3.7054
17/07/2018,3.6839
16/07/2018,3.6856
13/07/2018,3.6855
12/07/2018,3.6950
11/07/2018,3.7346
10/07/2018,3.7069
09/07/2018,3.7013
06/07/2018,3.7450
05/07/2018,3.7479
04/07/2018,3.7871
03/07/2018,3.8003
02/07/2018,3.8043
29/06/2018,3.7771
28/06/2018,3.7810
27/06/2018,3.7773
26/06/2018,3.7598
25/06/2018,3.7612
22/06/2018,3.7533
21/06/2018,3.7624
20/06/2018,3.7440
19/06/2018,3.7437
18/06/2018,3.7213
15/06/2018,3.7011
14/06/2018,3.7155
13/06/2018,3.6803
12/06/2018,3.6939
11/06/2018,3.6740
08/06/2018,3.6903
07/06/2018,3.6957
06/06/2018,3.6741
05/06/2018,3.7113
04/06/2018,3.6984
01/06/2018,3.7351
31/05/2018,3.7447
30/05/2018,3.7303
29/05/2018,3.7891
28/05/2018,3.7240
25/05/2018,3.7409
24/05/2018,3.7087
23/05/2018,3.6948
22/05/2018,3.6639
21/05/2018,3.6479
18/05/2018,3.6612
17/05/2018,3.6367
16/05/2018,3.6141
15/05/2018,3.6243
14/05/2018,3.5806
11/05/2018,3.5705
10/05/2018,3.5551
09/05/2018,3.5783
08/05/2018,3.6021
07/05/2018,3.5643
04/05/2018,3.5516
03/05/2018,3.5670
02/05/2018,3.5741
01/05/2018,3.5781
30/04/2018,3.5415
27/04/2018,3.5125
26/04/2018,3.5318
25/04/2018,3.5356
24/04/2018,3.5134
23/04/2018,3.5186
20/04/2018,3.4844
19/04/2018,3.4745
18/04/2018,3.4745
17/04/2018,3.4835
16/04/2018,3.4941
13/04/2018,3.5121
12/04/2018,3.5210
11/04/2018,3.5330
10/04/2018,3.5402
09/04/2018,3.5597
06/04/2018,3.5644
05/04/2018,3.5569
04/04/2018,3.5611
03/04/2018,3.5655
02/04/2018,3.5831
30/03/2018,3.5870
29/03/2018,3.5779
28/03/2018,3.5697
27/03/2018,3.5877
26/03/2018,3.5870
23/03/2018,3.6139
22/03/2018,3.6167
21/03/2018,3.6093
20/03/2018,3.6136
19/03/2018,3.6001
16/03/2018,3.6065
15/03/2018,3.5985
14/03/2018,3.5943
13/03/2018,3.6033
12/03/2018,3.5976
09/03/2018,3.5829
08/03/2018,3.5894
07/03/2018,3.5925
06/03/2018,3.5892
05/03/2018,3.6132
02/03/2018,3.6238
01/03/2018,3.6263
28/02/2018,3.6254
27/02/2018,3.6324
26/02/2018,3.6092
23/02/2018,3.6240
22/02/2018,3.6357
21/02/2018,3.6187
20/02/2018,3.5941
19/02/2018,3.5865
16/02/2018,3.6129
15/02/2018,3.6024
14/02/2018,3.5909
13/02/2018,3.6084
12/02/2018,3.6104
09/02/2018,3.6372
08/02/2018,3.6564
07/02/2018,3.6027
06/02/2018,3.5873
05/02/2018,3.6111
02/02/2018,3.5924
01/02/2018,3.5856
31/01/2018,3.5912
30/01/2018,3.5888
29/01/2018,3.5713
26/01/2018,3.5675
25/01/2018,3.5512
24/01/2018,3.5399
23/01/2018,3.5373
22/01/2018,3.5337
19/01/2018,3.5455
18/01/2018,3.5463
17/01/2018,3.5404
16/01/2018,3.5455
15/01/2018,3.5325
12/01/2018,3.5353
11/01/2018,3.5502
10/01/2018,3.5723
09/01/2018,3.5692
08/01/2018,3.5676
05/01/2018,3.5377
04/01/2018,3.5278
03/01/2018,3.5364
02/01/2018,3.5537
01/01/2018,3.5704
29/12/2017,3.5728
28/12/2017,3.5741
27/12/2017,3.5741
26/12/2017,3.5805
25/12/2017,3.5736
22/12/2017,3.5732
21/12/2017,3.5755
20/12/2017,3.5882
19/12/2017,3.6018
18/12/2017,3.6203
15/12/2017,3.6117
14/12/2017,3.6260
13/12/2017,3.6181
12/12/2017,3.6157
11/12/2017,3.5982
08/12/2017,3.5948
07/12/2017,3.5945
06/12/2017,3.6077
05/12/2017,3.6046
04/12/2017,3.5995
01/12/2017,3.6288
30/11/2017,3.5894
29/11/2017,3.6037
28/11/2017,3.6056
27/11/2017,3.6016
24/11/2017,3.6002
23/11/2017,3.6183
22/11/2017,3.6301
21/11/2017,3.6269
20/11/2017,3.6290
17/11/2017,3.6307
16/11/2017,3.6217
15/11/2017,3.6400
14/11/2017,3.6378
13/11/2017,3.6456
10/11/2017,3.6391
09/11/2017,3.6564
08/11/2017,3.6517
07/11/2017,3.6644
06/11/2017,3.6578
03/11/2017,3.6540
02/11/2017,3.6364
01/11/2017,3.6311
31/10/2017,3.6484
30/10/2017,3.6680
27/10/2017,3.6675
26/10/2017,3.6592
25/10/2017,3.6258
24/10/2017,3.6427
23/10/2017,3.6525
20/10/2017,3.6516
19/10/2017,3.6603
18/10/2017,3.6601
17/10/2017,3.6797
16/10/2017,3.6802
13/10/2017,3.6867
12/10/2017,3.7002
11/10/2017,3.6986
10/10/2017,3.7297
09/10/2017,3.7366
06/10/2017,3.7569
05/10/2017,3.7565
04/10/2017,3.7477
03/10/2017,3.7741
02/10/2017,3.7686
29/09/2017,3.7704
28/09/2017,3.7729
27/09/2017,3.7875
26/09/2017,3.7521
25/09/2017,3.7317
22/09/2017,3.6848
21/09/2017,3.6887
20/09/2017,3.7090
19/09/2017,3.7077
18/09/2017,3.7344
15/09/2017,3.7290
14/09/2017,3.7256
13/09/2017,3.7374
12/09/2017,3.7050
11/09/2017,3.7144
08/09/2017,3.7346
07/09/2017,3.7172
06/09/2017,3.7277
05/09/2017,3.7189
04/09/2017,3.7189
01/09/2017,3.7170
31/08/2017,3.7201
30/08/2017,3.7142
29/08/2017,3.7199
28/08/2017,3.7117
25/08/2017,3.7344
24/08/2017,3.7405
23/08/2017,3.7607
22/08/2017,3.7548
21/08/2017,3.7658
18/08/2017,3.7652
17/08/2017,3.7856
16/08/2017,3.7553
15/08/2017,3.7586
14/08/2017,3.7416
11/08/2017,3.7685
10/08/2017,3.7763
09/08/2017,3.7656
08/08/2017,3.7260
07/08/2017,3.7040
04/08/2017,3.7057
03/08/2017,3.6907
02/08/2017,3.6993
01/08/2017,3.7325
31/07/2017,3.7168
28/07/2017,3.7384
27/07/2017,3.7702
26/07/2017,3.8100
25/07/2017,3.8441
24/07/2017,3.8681
21/07/2017,3.8688
20/07/2017,3.8070
19/07/2017,3.8246
18/07/2017,3.8079
17/07/2017,3.8037
14/07/2017,3.8049
13/07/2017,3.8327
12/07/2017,3.8396
11/07/2017,3.8361
10/07/2017,3.8481
07/07/2017,3.8529
06/07/2017,3.8626
05/07/2017,3.8641
04/07/2017,3.8669
03/07/2017,3.8801
30/06/2017,3.8634
29/06/2017,3.8772
28/06/2017,3.8733
27/06/2017,3.8924
26/06/2017,3.8666
23/06/2017,3.8914
22/06/2017,3.9070
21/06/2017,3.9156
20/06/2017,3.9131
19/06/2017,3.8790
16/06/2017,3.8598
15/06/2017,3.8930
14/06/2017,3.8527
13/06/2017,3.8604
12/06/2017,3.8634
09/06/2017,3.8556
08/06/2017,3.8699
07/06/2017,3.8739
06/06/2017,3.8642
05/06/2017,3.8534
02/06/2017,3.8533
01/06/2017,3.8491
31/05/2017,3.8411
30/05/2017,3.8302
29/05/2017,3.8299
26/05/2017,3.8392
25/05/2017,3.8281
24/05/2017,3.8276
23/05/2017,3.8502
22/05/2017,3.8372
19/05/2017,3.8478
18/05/2017,3.8742
17/05/2017,3.8364
16/05/2017,3.8214
15/05/2017,3.8378
12/05/2017,3.8525
11/05/2017,3.8605
10/05/2017,3.8407
09/05/2017,3.8634
08/05/2017,3.8737
05/05/2017,3.8801
04/05/2017,3.9036
03/05/2017,3.8841
02/05/2017,3.8752
01/05/2017,3.8902
28/04/2017,3.8982
27/04/2017,3.9066
26/04/2017,3.9019
25/04/2017,3.8889
24/04/2017,3.9234
21/04/2017,3.9909
20/04/2017,3.9855
19/04/2017,3.9808
18/04/2017,3.9611
17/04/2017,3.9700
14/04/2017,3.9686
13/04/2017,3.9774
12/04/2017,3.9684
11/04/2017,3.9755
10/04/2017,3.9587
07/04/2017,3.9517
06/04/2017,3.9586
05/04/2017,3.9512
04/04/2017,3.9734
03/04/2017,3.9621
31/03/2017,3.9606
30/03/2017,3.9409
29/03/2017,3.9374
28/03/2017,3.9514
27/03/2017,3.9644
24/03/2017,3.9813
23/03/2017,3.9820
22/03/2017,3.9985
21/03/2017,3.9804
20/03/2017,3.9753
17/03/2017,3.9933
16/03/2017,4.0143
15/03/2017,4.0166
14/03/2017,4.0290
13/03/2017,4.0336
10/03/2017,4.0149
09/03/2017,4.0409
08/03/2017,4.0291
07/03/2017,4.0197
06/03/2017,4.0207
03/03/2017,4.0223
02/03/2017,4.0385
01/03/2017,4.0253
28/02/2017,4.0484
27/02/2017,4.0371
24/02/2017,4.0552
23/02/2017,4.0420
22/02/2017,4.0301
21/02/2017,4.0380
20/02/2017,4.0568
17/02/2017,4.0678
16/02/2017,4.0579
15/02/2017,4.0450
14/02/2017,4.0445
13/02/2017,4.0447
10/02/2017,4.0279
09/02/2017,4.0406
08/02/2017,4.0503
07/02/2017,4.0417
06/02/2017,4.0347
03/02/2017,4.0198
02/02/2017,4.0418
01/02/2017,4.0274
31/01/2017,4.0460
30/01/2017,4.0743
27/01/2017,4.0502
26/01/2017,4.0684
25/01/2017,4.0518
24/01/2017,4.0680
23/01/2017,4.0750
20/01/2017,4.0785
19/01/2017,4.0752
18/01/2017,4.0765
17/01/2017,4.0681
16/01/2017,4.0762
13/01/2017,4.0854
12/01/2017,4.0745
11/01/2017,4.0747
10/01/2017,4.0755
09/01/2017,4.0812
06/01/2017,4.0617
05/01/2017,4.0739
04/01/2017,4.0798
03/01/2017,4.1083
02/01/2017,4.1258
30/12/2016,4.1084
29/12/2016,4.1070
28/12/2016,4.1128
27/12/2016,4.0934
26/12/2016,4.1045
23/12/2016,4.1059
22/12/2016,4.1280
21/12/2016,4.1196
20/12/2016,4.1241
19/12/2016,4.1398
16/12/2016,4.1209
15/12/2016,4.1304
14/12/2016,4.1268
13/12/2016,4.1147
12/12/2016,4.1306
09/12/2016,4.1390
08/12/2016,4.1152
07/12/2016,4.0903
06/12/2016,4.1161
05/12/2016,4.1528
02/12/2016,4.1554
01/12/2016,4.1678
30/11/2016,4.1332
29/11/2016,4.1170
28/11/2016,4.1118
25/11/2016,4.1160
24/11/2016,4.1186
23/11/2016,4.1308
22/11/2016,4.1107
21/11/2016,4.1306
18/11/2016,4.1513
17/11/2016,4.1443
16/11/2016,4.1590
15/11/2016,4.1006
14/11/2016,4.1276
11/11/2016,4.1235
10/11/2016,4.0648
09/11/2016,4.0450
08/11/2016,4.0164
07/11/2016,4.0243
04/11/2016,4.0110
03/11/2016,3.9912
02/11/2016,4.0037
01/11/2016,3.9911
31/10/2016,3.9649
28/10/2016,3.9943
27/10/2016,4.0059
26/10/2016,3.9971
25/10/2016,3.9870
24/10/2016,3.9921
21/10/2016,4.0023
20/10/2016,3.9819
19/10/2016,3.9705
18/10/2016,3.9691
17/10/2016,3.9721
14/10/2016,3.9693
13/10/2016,3.9385
12/10/2016,3.9427
11/10/2016,3.9196
10/10/2016,3.8998
07/10/2016,3.9087
06/10/2016,3.9146
05/10/2016,3.9402
04/10/2016,3.9280
03/10/2016,3.9366
30/09/2016,3.9338
29/09/2016,3.9689
28/09/2016,3.9444
27/09/2016,3.9326
26/09/2016,3.9445
23/09/2016,3.9466
22/09/2016,3.9429
21/09/2016,3.9404
20/09/2016,3.9390
19/09/2016,3.9272
16/09/2016,3.9394
15/09/2016,3.9588
14/09/2016,3.9596
13/09/2016,3.9734
12/09/2016,3.9823
09/09/2016,3.9610
08/09/2016,3.9509
07/09/2016,3.9627
06/09/2016,3.9710
05/09/2016,3.9747
02/09/2016,3.9903
01/09/2016,3.9728
31/08/2016,3.9717
30/08/2016,3.9777
29/08/2016,3.9687
26/08/2016,3.9531
25/08/2016,3.9680
24/08/2016,3.9565
23/08/2016,3.9580
22/08/2016,3.9559
19/08/2016,3.9600
18/08/2016,3.9646
17/08/2016,3.9475
16/08/2016,3.9404
15/08/2016,3.9241
12/08/2016,3.9277
11/08/2016,3.9220
10/08/2016,3.9119
09/08/2016,3.9064
08/08/2016,3.9169
05/08/2016,3.9350
04/08/2016,3.9551
03/08/2016,3.9453
02/08/2016,3.9970
01/08/2016,4.0312
29/07/2016,4.0219
28/07/2016,4.0159
27/07/2016,4.0078
26/07/2016,4.0027
25/07/2016,4.0222
22/07/2016,4.0275
21/07/2016,4.0130
20/07/2016,4.0234
19/07/2016,4.0340
18/07/2016,4.0161
15/07/2016,4.0867
14/07/2016,4.0419
13/07/2016,4.0319
12/07/2016,4.0189
11/07/2016,4.0735
08/07/2016,4.0616
07/07/2016,4.0958
06/07/2016,4.1031
05/07/2016,4.1036
04/07/2016,4.0937
01/07/2016,4.0716
30/06/2016,4.0387
29/06/2016,4.0549
28/06/2016,4.0682
27/06/2016,4.1390
24/06/2016,4.1167
23/06/2016,3.9979
22/06/2016,4.0374
21/06/2016,4.0624
20/06/2016,4.0354
17/06/2016,4.0768
16/06/2016,4.0866
15/06/2016,4.0896
14/06/2016,4.1071
13/06/2016,4.0549
10/06/2016,4.0347
09/06/2016,3.9715
08/06/2016,3.9532
07/06/2016,3.9702
06/06/2016,3.9531
03/06/2016,3.9569
02/06/2016,3.9709
01/06/2016,3.9677
31/05/2016,3.9664
30/05/2016,3.9791
27/05/2016,3.9675
26/05/2016,3.9795
25/05/2016,3.9873
24/05/2016,3.9996
23/05/2016,4.0016
20/05/2016,3.9768
19/05/2016,3.9748
18/05/2016,3.9723
17/05/2016,3.9423
16/05/2016,3.9466
13/05/2016,3.9955
12/05/2016,3.9978
11/05/2016,3.9905
10/05/2016,3.9814
09/05/2016,4.0090
06/05/2016,3.9968
05/05/2016,3.9898
04/05/2016,4.0003
03/05/2016,4.0101
02/05/2016,3.9818
29/04/2016,3.9764
28/04/2016,4.0092
27/04/2016,3.9872
26/04/2016,3.9788
25/04/2016,4.0122
22/04/2016,3.9785
21/04/2016,3.9251
20/04/2016,3.8880
19/04/2016,3.9334
18/04/2016,3.9480
15/04/2016,3.9343
14/04/2016,3.9465
13/04/2016,3.9328
12/04/2016,3.9417
11/04/2016,3.9307
08/04/2016,3.9508
07/04/2016,3.9529
06/04/2016,3.9170
05/04/2016,3.9204
04/04/2016,3.8830
01/04/2016,3.8974
31/03/2016,3.8771
30/03/2016,3.9078
29/03/2016,3.8905
28/03/2016,3.9032
25/03/2016,3.9033
24/03/2016,3.9144
23/03/2016,3.9044
22/03/2016,3.9002
21/03/2016,3.9066
18/03/2016,3.8987
17/03/2016,3.9050
16/03/2016,3.9144
15/03/2016,3.9131
14/03/2016,3.9028
11/03/2016,3.9130
10/03/2016,3.9364
09/03/2016,3.9373
08/03/2016,3.9421
07/03/2016,3.9509
04/03/2016,3.9561
03/03/2016,3.9895
02/03/2016,3.9910
01/03/2016,3.9972
29/02/2016,4.0060
26/02/2016,4.0118
25/02/2016,3.9920
24/02/2016,4.0185
23/02/2016,4.0098
22/02/2016,3.9527
19/02/2016,3.9649
18/02/2016,3.9830
17/02/2016,3.9828
16/02/2016,3.9998
15/02/2016,3.9922
12/02/2016,3.9947
11/02/2016,4.0139
10/02/2016,4.0094
09/02/2016,4.0431
08/02/2016,4.0261
05/02/2016,3.9891
04/02/2016,3.9720
03/02/2016,3.9668
02/02/2016,3.9644
01/02/2016,3.9608
29/01/2016,3.9874
28/01/2016,4.0223
27/01/2016,4.0525
26/01/2016,4.0259
25/01/2016,4.0730
22/01/2016,4.0660
21/01/2016,4.1017
20/01/2016,4.1073
19/01/2016,4.0646
18/01/2016,4.0744
15/01/2016,4.0945
14/01/2016,4.0234
13/01/2016,3.9756
12/01/2016,4.0046
11/01/2016,3.9991
08/01/2016,4.0161
07/01/2016,4.0022
06/01/2016,4.0064
05/01/2016,3.9743
04/01/2016,3.9612
01/01/2016,3.9215
31/12/2015,3.9155
30/12/2015,3.9378
29/12/2015,3.9019
28/12/2015,3.9169
25/12/2015,3.9133
24/12/2015,3.9196
23/12/2015,3.9291
22/12/2015,3.9311
21/12/2015,3.9293
18/12/2015,3.9600
17/12/2015,3.9924
16/12/2015,3.9813
15/12/2015,3.9814
14/12/2015,4.0305
11/12/2015,4.0396
10/12/2015,4.0240
09/12/2015,4.0111
08/12/2015,4.0192
07/12/2015,3.9880
04/12/2015,3.9798
03/12/2015,3.9848
02/12/2015,3.9575
01/12/2015,3.9246
30/11/2015,3.9284
27/11/2015,3.9047
26/11/2015,3.9390
25/11/2015,3.9360
24/11/2015,3.9385
23/11/2015,3.9244
20/11/2015,3.9070
19/11/2015,3.9148
18/11/2015,3.9057
17/11/2015,3.9314
16/11/2015,3.9388
13/11/2015,3.9183
12/11/2015,3.9147
11/11/2015,3.9042
10/11/2015,3.9268
09/11/2015,3.9442
06/11/2015,3.9495
05/11/2015,3.9255
04/11/2015,3.9316
03/11/2015,3.9119
02/11/2015,3.9190
30/10/2015,3.9086
29/10/2015,3.9421
28/10/2015,3.9479
27/10/2015,3.9317
26/10/2015,3.9336
23/10/2015,3.9447
22/10/2015,3.9333
21/10/2015,3.9426
20/10/2015,3.9268
19/10/2015,3.9180
16/10/2015,3.9153
15/10/2015,3.9096
14/10/2015,3.8817
13/10/2015,3.8831
12/10/2015,3.8680
09/10/2015,3.8636
08/10/2015,3.8760
07/10/2015,3.8706
06/10/2015,3.8906
05/10/2015,3.8912
02/10/2015,3.9022
01/10/2015,3.8846
30/09/2015,3.9040
29/09/2015,3.8773
28/09/2015,3.8746
25/09/2015,3.8559
24/09/2015,3.8556
23/09/2015,3.8538
22/09/2015,3.8736
21/09/2015,3.8505
18/09/2015,3.8377
17/09/2015,3.8323
16/09/2015,3.8329
15/09/2015,3.8296
14/09/2015,3.8397
11/09/2015,3.8293
10/09/2015,3.8372
09/09/2015,3.8583
08/09/2015,3.8554
07/09/2015,3.8877
04/09/2015,3.9018
03/09/2015,3.8923
02/09/2015,3.8952
01/09/2015,3.9194
31/08/2015,3.9045
28/08/2015,3.9158
27/08/2015,3.8963
26/08/2015,3.9229
25/08/2015,3.9369
24/08/2015,3.9402
21/08/2015,3.9210
20/08/2015,3.8916
19/08/2015,3.8948
18/08/2015,3.8660
17/08/2015,3.8406
14/08/2015,3.8552
13/08/2015,3.8384
12/08/2015,3.8456
11/08/2015,3.8468
10/08/2015,3.8744
07/08/2015,3.8788
06/08/2015,3.9106
05/08/2015,3.9116
04/08/2015,3.9265
03/08/2015,3.9045
31/07/2015,3.9053
30/07/2015,3.9100
29/07/2015,3.8811
28/07/2015,3.8689
27/07/2015,3.8586
24/07/2015,3.9175
23/07/2015,3.9073
22/07/2015,3.9243
21/07/2015,3.9453
20/07/2015,3.9497
17/07/2015,3.9451
16/07/2015,3.9481
15/07/2015,3.9626
14/07/2015,3.9703
13/07/2015,3.9566
10/07/2015,3.9870
09/07/2015,4.0296
08/07/2015,4.0468
07/07/2015,4.0368
06/07/2015,4.0326
03/07/2015,4.0104
02/07/2015,4.0084
01/07/2015,3.9965
30/06/2015,4.0223
29/06/2015,4.0357
26/06/2015,4.0107
25/06/2015,3.9741
24/06/2015,3.9866
23/06/2015,3.9874
22/06/2015,3.9878
19/06/2015,4.0139
18/06/2015,3.9880
17/06/2015,3.9699
16/06/2015,3.9516
15/06/2015,3.9596
12/06/2015,3.9561
11/06/2015,3.9335
10/06/2015,3.9260
09/06/2015,3.9763
08/06/2015,3.9884
05/06/2015,3.9852
04/06/2015,3.9787
03/06/2015,3.9545
02/06/2015,3.9592
01/06/2015,3.9828
29/05/2015,3.9783
28/05/2015,4.0084
27/05/2015,3.9882
26/05/2015,4.0041
25/05/2015,3.9570
22/05/2015,3.9520
21/05/2015,3.9354
20/05/2015,3.9202
19/05/2015,3.8786
18/05/2015,3.8861
15/05/2015,3.8525
14/05/2015,3.9057
13/05/2015,3.9367
12/05/2015,3.9344
11/05/2015,3.9157
08/05/2015,3.8796
07/05/2015,3.8956
06/05/2015,3.8912
05/05/2015,3.8893
04/05/2015,3.8715
01/05/2015,3.8991
30/04/2015,3.8612
29/04/2015,3.8349
28/04/2015,3.8091
27/04/2015,3.8372
24/04/2015,3.8929
23/04/2015,3.8706
22/04/2015,3.8270
21/04/2015,3.8911
20/04/2015,3.8849
17/04/2015,3.9136
16/04/2015,3.9122
15/04/2015,3.9032
14/04/2015,3.8750
13/04/2015,3.8768
10/04/2015,3.8754
09/04/2015,3.8635
08/04/2015,3.8462
07/04/2015,3.8701
06/04/2015,3.8921
03/04/2015,3.8876
02/04/2015,3.8994
01/04/2015,3.8990
31/03/2015,3.9030
30/03/2015,3.9017
27/03/2015,3.9157
26/03/2015,3.9009
25/03/2015,3.8830
24/03/2015,3.9090
23/03/2015,3.8854
20/03/2015,3.9159
19/03/2015,3.9175
18/03/2015,3.8887
17/03/2015,3.8798
16/03/2015,3.8756
13/03/2015,3.9334
12/03/2015,3.8851
11/03/2015,3.8723
10/03/2015,3.8893
09/03/2015,3.8478
06/03/2015,3.8603
05/03/2015,3.8548
04/03/2015,3.8896
03/03/2015,3.8789
02/03/2015,3.8803
27/02/2015,3.8891
26/02/2015,3.8918
25/02/2015,3.8611
24/02/2015,3.8570
23/02/2015,3.8835
20/02/2015,3.8966
19/02/2015,3.8643
18/02/2015,3.8961
17/02/2015,3.9212
16/02/2015,3.9462
13/02/2015,3.9325
12/02/2015,3.9269
11/02/2015,4.0006
10/02/2015,4.0059
09/02/2015,3.9998
06/02/2015,3.9730
05/02/2015,3.9446
04/02/2015,3.9689
03/02/2015,3.9331
02/02/2015,3.9768
30/01/2015,4.0214
29/01/2015,4.0292
28/01/2015,4.1557
27/01/2015,4.1277
26/01/2015,4.1540
23/01/2015,4.2569
22/01/2015,4.2978
21/01/2015,4.3065
20/01/2015,4.2860
19/01/2015,4.2429
16/01/2015,4.3353
15/01/2015,4.3226
14/01/2015,3.5458
13/01/2015,3.5661
12/01/2015,3.5594
09/01/2015,3.5549
08/01/2015,3.5656
07/01/2015,3.5766
06/01/2015,3.5955
05/01/2015,3.5711
02/01/2015,3.5804
01/01/2015,3.5631
31/12/2014,3.5640
30/12/2014,3.5592
29/12/2014,3.5747
26/12/2014,3.6387
25/12/2014,3.6139
24/12/2014,3.6115
23/12/2014,3.5777
22/12/2014,3.5446
19/12/2014,3.5472
18/12/2014,3.5305
17/12/2014,3.5251
16/12/2014,3.5111
15/12/2014,3.4848
12/12/2014,3.4836
11/12/2014,3.4739
10/12/2014,3.4726
09/12/2014,3.4593
08/12/2014,3.4601
05/12/2014,3.4585
04/12/2014,3.4573
03/12/2014,3.4525
02/12/2014,3.4569
01/12/2014,3.4720
28/11/2014,3.4828
27/11/2014,3.4768
26/11/2014,3.4775
25/11/2014,3.4738
24/11/2014,3.4904
21/11/2014,3.4970
20/11/2014,3.5061
19/11/2014,3.5133
18/11/2014,3.5121
17/11/2014,3.5149
14/11/2014,3.5215
13/11/2014,3.5273
12/11/2014,3.5093
11/11/2014,3.5038
10/11/2014,3.5101
07/11/2014,3.5137
06/11/2014,3.5057
05/11/2014,3.5122
04/11/2014,3.5117
03/11/2014,3.5047
31/10/2014,3.5044
30/10/2014,3.4951
29/10/2014,3.5023
28/10/2014,3.4953
27/10/2014,3.5051
24/10/2014,3.4928
23/10/2014,3.5050
22/10/2014,3.5080
21/10/2014,3.4966
20/10/2014,3.5035
17/10/2014,3.4931
16/10/2014,3.5032
15/10/2014,3.4987
14/10/2014,3.4829
13/10/2014,3.4684
10/10/2014,3.4612
09/10/2014,3.4531
08/10/2014,3.4459
07/10/2014,3.4512
06/10/2014,3.4478
03/10/2014,3.4600
02/10/2014,3.4527
01/10/2014,3.4595
30/09/2014,3.4647
29/09/2014,3.4656
26/09/2014,3.4664
25/09/2014,3.4649
24/09/2014,3.4553
23/09/2014,3.4566
22/09/2014,3.4649
19/09/2014,3.4646
18/09/2014,3.4812
17/09/2014,3.4598
16/09/2014,3.4656
15/09/2014,3.4682
12/09/2014,3.4731
11/09/2014,3.4713
10/09/2014,3.4712
09/09/2014,3.4831
08/09/2014,3.4652
05/09/2014,3.4630
04/09/2014,3.4737
03/09/2014,3.4788
02/09/2014,3.4889
01/09/2014,3.4821
29/08/2014,3.4908
28/08/2014,3.5007
27/08/2014,3.4794
26/08/2014,3.4682
25/08/2014,3.4642
22/08/2014,3.4618
21/08/2014,3.4596
20/08/2014,3.4595
19/08/2014,3.4529
18/08/2014,3.4766
15/08/2014,3.4756
14/08/2014,3.4486
13/08/2014,3.4541
12/08/2014,3.4622
11/08/2014,3.4606
08/08/2014,3.4604
07/08/2014,3.4706
06/08/2014,3.4607
05/08/2014,3.4454
04/08/2014,3.4304
01/08/2014,3.4365
31/07/2014,3.4349
30/07/2014,3.4158
29/07/2014,3.4143
28/07/2014,3.4143
25/07/2014,3.4113
24/07/2014,3.4081
23/07/2014,3.4040
22/07/2014,3.4055
21/07/2014,3.4157
18/07/2014,3.4132
17/07/2014,3.4263
16/07/2014,3.4018
15/07/2014,3.4045
14/07/2014,3.4078
11/07/2014,3.4099
10/07/2014,3.4156
09/07/2014,3.3912
08/07/2014,3.3954
07/07/2014,3.4105
04/07/2014,3.4125
03/07/2014,3.4075
02/07/2014,3.4142
01/07/2014,3.4258
30/06/2014,3.4257
27/06/2014,3.4145
26/06/2014,3.4128
25/06/2014,3.3996
24/06/2014,3.4164
23/06/2014,3.4226
20/06/2014,3.4229
19/06/2014,3.4110
18/06/2014,3.3923
17/06/2014,3.4009
16/06/2014,3.4014
13/06/2014,3.3774
12/06/2014,3.3799
11/06/2014,3.3727
10/06/2014,3.3730
09/06/2014,3.3658
06/06/2014,3.3598
05/06/2014,3.3955
04/06/2014,3.3845
03/06/2014,3.4020
02/06/2014,3.3906
30/05/2014,3.3958
29/05/2014,3.3906
28/05/2014,3.4027
27/05/2014,3.4045
26/05/2014,3.4096
23/05/2014,3.4031
22/05/2014,3.4058
21/05/2014,3.4177
20/05/2014,3.4247
19/05/2014,3.4257
16/05/2014,3.4282
15/05/2014,3.4308
14/05/2014,3.4330
13/05/2014,3.4301
12/05/2014,3.4238
09/05/2014,3.4291
08/05/2014,3.4314
07/05/2014,3.4341
06/05/2014,3.4489
05/05/2014,3.4520
02/05/2014,3.4531
01/05/2014,3.4392
30/04/2014,3.4438
29/04/2014,3.4384
28/04/2014,3.4515
25/04/2014,3.4531
24/04/2014,3.4420
23/04/2014,3.4325
22/04/2014,3.4318
21/04/2014,3.4231
18/04/2014,3.4266
17/04/2014,3.4280
16/04/2014,3.4383
15/04/2014,3.4447
14/04/2014,3.4379
11/04/2014,3.4363
10/04/2014,3.4299
09/04/2014,3.4173
08/04/2014,3.4218
07/04/2014,3.4175
04/04/2014,3.4039
03/04/2014,3.4078
02/04/2014,3.4135
01/04/2014,3.4250
31/03/2014,3.4215
28/03/2014,3.4207
27/03/2014,3.4181
26/03/2014,3.4280
25/03/2014,3.4327
24/03/2014,3.4463
21/03/2014,3.4460
20/03/2014,3.4468
19/03/2014,3.4587
18/03/2014,3.4588
17/03/2014,3.4792
14/03/2014,3.4820
13/03/2014,3.4925
12/03/2014,3.4776
11/03/2014,3.4696
10/03/2014,3.4611
07/03/2014,3.4527
06/03/2014,3.4244
05/03/2014,3.4361
04/03/2014,3.4310
03/03/2014,3.4825
28/02/2014,3.4240
27/02/2014,3.4181
26/02/2014,3.4290
25/02/2014,3.4087
24/02/2014,3.4064
21/02/2014,3.4036
20/02/2014,3.4156
19/02/2014,3.4205
18/02/2014,3.3944
17/02/2014,3.3914
14/02/2014,3.3881
13/02/2014,3.4045
12/02/2014,3.4017
11/02/2014,3.4072
10/02/2014,3.4140
07/02/2014,3.4100
06/02/2014,3.4111
05/02/2014,3.4277
04/02/2014,3.4468
03/02/2014,3.4840
31/01/2014,3.4783
30/01/2014,3.4579
29/01/2014,3.4585
28/01/2014,3.4239
27/01/2014,3.4348
24/01/2014,3.4308
23/01/2014,3.4043
22/01/2014,3.3725
21/01/2014,3.3767
20/01/2014,3.3716
17/01/2014,3.3845
16/01/2014,3.3816
15/01/2014,3.3653
14/01/2014,3.3548
13/01/2014,3.3804
10/01/2014,3.3637
09/01/2014,3.3824
08/01/2014,3.3722
07/01/2014,3.3714
06/01/2014,3.3887
03/01/2014,3.3887
02/01/2014,3.3912
01/01/2014,3.3844
31/12/2013,3.3834
30/12/2013,3.3841
27/12/2013,3.3851
26/12/2013,3.3711
25/12/2013,3.3811
24/12/2013,3.3811
23/12/2013,3.3980
20/12/2013,3.3953
19/12/2013,3.3897
18/12/2013,3.4084
17/12/2013,3.4310
16/12/2013,3.4181
13/12/2013,3.4221
12/12/2013,3.4181
11/12/2013,3.4237
10/12/2013,3.4223
09/12/2013,3.4224
06/12/2013,3.4238
05/12/2013,3.4185
04/12/2013,3.4250
03/12/2013,3.4196
02/12/2013,3.4112
29/11/2013,3.4151
28/11/2013,3.4074
27/11/2013,3.4087
26/11/2013,3.4158
25/11/2013,3.4071
22/11/2013,3.4133
21/11/2013,3.4085
20/11/2013,3.4044
19/11/2013,3.3908
18/11/2013,3.3847
15/11/2013,3.3913
14/11/2013,3.3983
13/11/2013,3.4058
12/11/2013,3.4123
11/11/2013,3.4184
08/11/2013,3.3942
07/11/2013,3.4135
06/11/2013,3.3838
05/11/2013,3.3994
04/11/2013,3.4023
01/11/2013,3.4123
31/10/2013,3.4005
30/10/2013,3.3857
29/10/2013,3.3897
28/10/2013,3.3866
25/10/2013,3.3929
24/10/2013,3.3954
23/10/2013,3.4046
22/10/2013,3.3774
21/10/2013,3.3838
18/10/2013,3.3789
17/10/2013,3.3768
16/10/2013,3.3691
15/10/2013,3.3815
14/10/2013,3.3880
11/10/2013,3.3897
10/10/2013,3.3933
09/10/2013,3.4116
08/10/2013,3.4202
07/10/2013,3.4253
04/10/2013,3.4150
03/10/2013,3.4273
02/10/2013,3.4381
01/10/2013,3.4436
30/09/2013,3.4493
27/09/2013,3.4471
26/09/2013,3.4450
25/09/2013,3.4304
24/09/2013,3.4237
23/09/2013,3.4396
20/09/2013,3.4340
19/09/2013,3.4112
18/09/2013,3.3771
17/09/2013,3.4091
16/09/2013,3.3983
13/09/2013,3.4016
12/09/2013,3.4095
11/09/2013,3.4032
10/09/2013,3.4210
09/09/2013,3.4558
06/09/2013,3.4637
05/09/2013,3.4695
04/09/2013,3.4619
03/09/2013,3.4649
02/09/2013,3.4550
30/08/2013,3.4728
29/08/2013,3.4739
28/08/2013,3.4847
27/08/2013,3.4587
26/08/2013,3.4312
23/08/2013,3.4283
22/08/2013,3.4455
21/08/2013,3.4482
20/08/2013,3.4381
19/08/2013,3.4512
16/08/2013,3.4223
15/08/2013,3.4189
14/08/2013,3.3917
13/08/2013,3.3912
12/08/2013,3.4055
09/08/2013,3.4003
08/08/2013,3.4063
07/08/2013,3.4256
06/08/2013,3.4141
05/08/2013,3.4264
02/08/2013,3.4335
01/08/2013,3.4441
31/07/2013,3.4504
30/07/2013,3.4301
29/07/2013,3.4059
26/07/2013,3.4339
25/07/2013,3.4274
24/07/2013,3.4173
23/07/2013,3.4029
22/07/2013,3.4122
19/07/2013,3.4253
18/07/2013,3.4264
17/07/2013,3.4383
16/07/2013,3.4400
15/07/2013,3.4589
12/07/2013,3.4742
11/07/2013,3.4826
10/07/2013,3.4899
09/07/2013,3.4776
08/07/2013,3.4794
05/07/2013,3.4817
04/07/2013,3.4599
03/07/2013,3.4948
02/07/2013,3.5202
01/07/2013,3.5063
28/06/2013,3.5169
27/06/2013,3.5074
26/06/2013,3.5401
25/06/2013,3.5318
24/06/2013,3.5398
21/06/2013,3.5448
20/06/2013,3.5495
19/06/2013,3.4759
18/06/2013,3.4604
17/06/2013,3.4326
14/06/2013,3.4537
13/06/2013,3.4276
12/06/2013,3.4754
11/06/2013,3.4714
10/06/2013,3.4516
07/06/2013,3.4284
06/06/2013,3.4892
05/06/2013,3.4722
04/06/2013,3.4210
03/06/2013,3.4330
31/05/2013,3.4459
30/05/2013,3.4406
29/05/2013,3.4105
28/05/2013,3.3499
27/05/2013,3.3712
24/05/2013,3.3746
23/05/2013,3.3560
22/05/2013,3.3273
21/05/2013,3.3397
20/05/2013,3.3617
17/05/2013,3.3447
16/05/2013,3.3681
15/05/2013,3.3617
14/05/2013,3.3328
13/05/2013,3.3495
10/05/2013,3.3329
09/05/2013,3.3386
08/05/2013,3.3556
07/05/2013,3.3662
06/05/2013,3.3823
03/05/2013,3.3789
02/05/2013,3.3874
01/05/2013,3.4089
30/04/2013,3.4025
29/04/2013,3.3747
26/04/2013,3.3897
25/04/2013,3.3796
24/04/2013,3.3743
23/04/2013,3.3668
22/04/2013,3.3635
19/04/2013,3.3728
18/04/2013,3.3815
17/04/2013,3.3892
16/04/2013,3.3796
15/04/2013,3.3865
12/04/2013,3.3683
11/04/2013,3.3709
10/04/2013,3.3572
09/04/2013,3.3727
08/04/2013,3.3875
05/04/2013,3.4247
04/04/2013,3.4387
03/04/2013,3.4561
02/04/2013,3.4426
01/04/2013,3.4359
29/03/2013,3.4339
28/03/2013,3.4304
27/03/2013,3.4304
26/03/2013,3.4283
25/03/2013,3.4177
22/03/2013,3.4169
21/03/2013,3.4344
20/03/2013,3.4169
19/03/2013,3.4161
18/03/2013,3.3851
15/03/2013,3.3758
14/03/2013,3.3746
13/03/2013,3.3532
12/03/2013,3.3543
11/03/2013,3.3527
08/03/2013,3.3409
07/03/2013,3.3582
06/03/2013,3.3661
05/03/2013,3.3603
04/03/2013,3.3742
01/03/2013,3.3613
28/02/2013,3.3899
27/02/2013,3.4011
26/02/2013,3.4175
25/02/2013,3.4123
22/02/2013,3.3956
21/02/2013,3.3932
20/02/2013,3.3793
19/02/2013,3.3743
18/02/2013,3.3962
15/02/2013,3.4023
14/02/2013,3.3936
13/02/2013,3.3674
12/02/2013,3.3862
11/02/2013,3.3723
08/02/2013,3.3842
07/02/2013,3.3893
06/02/2013,3.3956
05/02/2013,3.3849
04/02/2013,3.4047
01/02/2013,3.3658
31/01/2013,3.3958
30/01/2013,3.3979
29/01/2013,3.3672
28/01/2013,3.3704
25/01/2013,3.3430
24/01/2013,3.3723
23/01/2013,3.3696
22/01/2013,3.3742
21/01/2013,3.3606
18/01/2013,3.3367
17/01/2013,3.2923
16/01/2013,3.3299
15/01/2013,3.3171
14/01/2013,3.3298
11/01/2013,3.3728
10/01/2013,3.3737
09/01/2013,3.3724
08/01/2013,3.4007
07/01/2013,3.4200
04/01/2013,3.4078
03/01/2013,3.3870
02/01/2013,3.3594
01/01/2013,3.3716
31/12/2012,3.3791
28/12/2012,3.3750
27/12/2012,3.3704
26/12/2012,3.4066
25/12/2012,3.3800
24/12/2012,3.3792
21/12/2012,3.3790
20/12/2012,3.3585
19/12/2012,3.3712
18/12/2012,3.3747
17/12/2012,3.3885
14/12/2012,3.3748
13/12/2012,3.3923
12/12/2012,3.3788
11/12/2012,3.3706
10/12/2012,3.4013
07/12/2012,3.4102
06/12/2012,3.4142
05/12/2012,3.4028
04/12/2012,3.4070
03/12/2012,3.4188
30/11/2012,3.4027
29/11/2012,3.3981
28/11/2012,3.4087
27/11/2012,3.4050
26/11/2012,3.4093
23/11/2012,3.4139
22/11/2012,3.4169
21/11/2012,3.4179
20/11/2012,3.4167
19/11/2012,3.4289
16/11/2012,3.4553
15/11/2012,3.4524
14/11/2012,3.4653
13/11/2012,3.4747
12/11/2012,3.4560
09/11/2012,3.4476
08/11/2012,3.4580
07/11/2012,3.4329
06/11/2012,3.4094
05/11/2012,3.4063
02/11/2012,3.4033
01/11/2012,3.4164
31/10/2012,3.4275
30/10/2012,3.4166
29/10/2012,3.4320
26/10/2012,3.4182
25/10/2012,3.4352
24/10/2012,3.4382
23/10/2012,3.4106
22/10/2012,3.3925
19/10/2012,3.3977
18/10/2012,3.3904
17/10/2012,3.3863
16/10/2012,3.3764
15/10/2012,3.3868
12/10/2012,3.3889
11/10/2012,3.3886
10/10/2012,3.3899
09/10/2012,3.3638
08/10/2012,3.3619
05/10/2012,3.3652
04/10/2012,3.3730
03/10/2012,3.3729
02/10/2012,3.3995
01/10/2012,3.3950
28/09/2012,3.4056
27/09/2012,3.4123
26/09/2012,3.4321
25/09/2012,3.4236
24/09/2012,3.4293
21/09/2012,3.4148
20/09/2012,3.4270
19/09/2012,3.4261
18/09/2012,3.3993
17/09/2012,3.3735
14/09/2012,3.3369
13/09/2012,3.3540
12/09/2012,3.3880
11/09/2012,3.3755
10/09/2012,3.4088
07/09/2012,3.3833
06/09/2012,3.4262
05/09/2012,3.4707
04/09/2012,3.4913
03/09/2012,3.4886
31/08/2012,3.4708
30/08/2012,3.4960
29/08/2012,3.4781
28/08/2012,3.4191
27/08/2012,3.4024
24/08/2012,3.4077
23/08/2012,3.4119
22/08/2012,3.3966
21/08/2012,3.3959
20/08/2012,3.3868
17/08/2012,3.3862
16/08/2012,3.3784
15/08/2012,3.3971
14/08/2012,3.3973
13/08/2012,3.4024
10/08/2012,3.3914
09/08/2012,3.3731
08/08/2012,3.3834
07/08/2012,3.3927
06/08/2012,3.3632
03/08/2012,3.3842
02/08/2012,3.4275
01/08/2012,3.4169
31/07/2012,3.4250
30/07/2012,3.4276
27/07/2012,3.4390
26/07/2012,3.4433
25/07/2012,3.4814
24/07/2012,3.5122
23/07/2012,3.5033
20/07/2012,3.4663
19/07/2012,3.4535
18/07/2012,3.4680
17/07/2012,3.4664
16/07/2012,3.4886
13/07/2012,3.4836
12/07/2012,3.5034
11/07/2012,3.4834
10/07/2012,3.4851
09/07/2012,3.5125
06/07/2012,3.5350
05/07/2012,3.5062
04/07/2012,3.5078
03/07/2012,3.4931
02/07/2012,3.5099
29/06/2012,3.5309
28/06/2012,3.5720
27/06/2012,3.5443
26/06/2012,3.5425
25/06/2012,3.5485
22/06/2012,3.5583
21/06/2012,3.5745
20/06/2012,3.5320
19/06/2012,3.5375
18/06/2012,3.5612
15/06/2012,3.5408
14/06/2012,3.5678
13/06/2012,3.5839
12/06/2012,3.5976
11/06/2012,3.6214
08/06/2012,3.5757
07/06/2012,3.5511
06/06/2012,3.5943
05/06/2012,3.6413
04/06/2012,3.6540
01/06/2012,3.6693
31/05/2012,3.6562
30/05/2012,3.6593
29/05/2012,3.6264
28/05/2012,3.6160
25/05/2012,3.6349
24/05/2012,3.6322
23/05/2012,3.6486
22/05/2012,3.6221
21/05/2012,3.5898
18/05/2012,3.6214
17/05/2012,3.6311
16/05/2012,3.6265
15/05/2012,3.6317
14/05/2012,3.6019
11/05/2012,3.5448
10/05/2012,3.5240
09/05/2012,3.5353
08/05/2012,3.5008
07/05/2012,3.4793
04/05/2012,3.4907
03/05/2012,3.4811
02/05/2012,3.4622
01/05/2012,3.4575
30/04/2012,3.4746
27/04/2012,3.4697
26/04/2012,3.4783
25/04/2012,3.4741
24/04/2012,3.4897
23/04/2012,3.5019
20/04/2012,3.4873
19/04/2012,3.4844
18/04/2012,3.4821
17/04/2012,3.4710
16/04/2012,3.4867
13/04/2012,3.4788
12/04/2012,3.4714
11/04/2012,3.4847
10/04/2012,3.4966
09/04/2012,3.4742
06/04/2012,3.4641
05/04/2012,3.4598
04/04/2012,3.4501
03/04/2012,3.4368
02/04/2012,3.4364
30/03/2012,3.4494
29/03/2012,3.4484
28/03/2012,3.4562
27/03/2012,3.4356
26/03/2012,3.4228
23/03/2012,3.4466
22/03/2012,3.4571
21/03/2012,3.4421
20/03/2012,3.4148
19/03/2012,3.4033
16/03/2012,3.4148
15/03/2012,3.4129
14/03/2012,3.4289
13/03/2012,3.4116
12/03/2012,3.4066
09/03/2012,3.3920
08/03/2012,3.4006
07/03/2012,3.4476
06/03/2012,3.4581
05/03/2012,3.4296
02/03/2012,3.4024
01/03/2012,3.4015
29/02/2012,3.4241
28/02/2012,3.4258
27/02/2012,3.4591
24/02/2012,3.4557
23/02/2012,3.4622
22/02/2012,3.4826
21/02/2012,3.4598
20/02/2012,3.4564
17/02/2012,3.4632
16/02/2012,3.4778
15/02/2012,3.4874
14/02/2012,3.4606
13/02/2012,3.4560
10/02/2012,3.4900
09/02/2012,3.4624
08/02/2012,3.4569
07/02/2012,3.4396
06/02/2012,3.4607
03/02/2012,3.4590
02/02/2012,3.4763
01/02/2012,3.4787
31/01/2012,3.5048
30/01/2012,3.5287
27/01/2012,3.5030
26/01/2012,3.5145
25/01/2012,3.5269
24/01/2012,3.5351
23/01/2012,3.5427
20/01/2012,3.5686
19/01/2012,3.5635
18/01/2012,3.5926
17/01/2012,3.6052
16/01/2012,3.6439
13/01/2012,3.6499
12/01/2012,3.6371
11/01/2012,3.6824
10/01/2012,3.6754
09/01/2012,3.7051
06/01/2012,3.7068
05/01/2012,3.6978
04/01/2012,3.6894
03/01/2012,3.6770
02/01/2012,3.6759
30/12/2011,3.6791
29/12/2011,3.6177
28/12/2011,3.6076
27/12/2011,3.6016
26/12/2011,3.6262
23/12/2011,3.6305
22/12/2011,3.6315
21/12/2011,3.6477
20/12/2011,3.6515
19/12/2011,3.6849
16/12/2011,3.6846
15/12/2011,3.6980
14/12/2011,3.6852
13/12/2011,3.7091
12/12/2011,3.6888
09/12/2011,3.6467
08/12/2011,3.6530
07/12/2011,3.6029
06/12/2011,3.6006
05/12/2011,3.6217
02/12/2011,3.6391
01/12/2011,3.6364
30/11/2011,3.6694
29/11/2011,3.6949
28/11/2011,3.6876
25/11/2011,3.6895
24/11/2011,3.6650
23/11/2011,3.6645
22/11/2011,3.6099
21/11/2011,3.6089
18/11/2011,3.5713
17/11/2011,3.5831
16/11/2011,3.5947
15/11/2011,3.5815
14/11/2011,3.5680
11/11/2011,3.5368
10/11/2011,3.5854
09/11/2011,3.5694
08/11/2011,3.5080
07/11/2011,3.5219
04/11/2011,3.5795
03/11/2011,3.5699
02/11/2011,3.6058
01/11/2011,3.6510
31/10/2011,3.6174
28/10/2011,3.5478
27/10/2011,3.5200
26/10/2011,3.5758
25/10/2011,3.5713
24/10/2011,3.5594
21/10/2011,3.5793
20/10/2011,3.5702
19/10/2011,3.4966
18/10/2011,3.5270
17/10/2011,3.5285
14/10/2011,3.4757
13/10/2011,3.4777
12/10/2011,3.4752
11/10/2011,3.4810
10/10/2011,3.4960
07/10/2011,3.5297
06/10/2011,3.5400
05/10/2011,3.5574
04/10/2011,3.5942
03/10/2011,3.6330
30/09/2011,3.6358
29/09/2011,3.6321
28/09/2011,3.6465
27/09/2011,3.6084
26/09/2011,3.6280
23/09/2011,3.5798
22/09/2011,3.6936
21/09/2011,3.6617
20/09/2011,3.6007
19/09/2011,3.6217
16/09/2011,3.5494
15/09/2011,3.5784
14/09/2011,3.6432
13/09/2011,3.5966
12/09/2011,3.5936
09/09/2011,3.5621
08/09/2011,3.5055
07/09/2011,3.4748
06/09/2011,3.5100
05/09/2011,3.8028
02/09/2011,3.7417
01/09/2011,3.6549
31/08/2011,3.5686
30/08/2011,3.5072
29/08/2011,3.5024
26/08/2011,3.5519
25/08/2011,3.6570
24/08/2011,3.6320
23/08/2011,3.6216
22/08/2011,3.6753
19/08/2011,3.6965
18/08/2011,3.6774
17/08/2011,3.6287
16/08/2011,3.6159
15/08/2011,3.6566
12/08/2011,3.7541
11/08/2011,3.8142
10/08/2011,4.1029
09/08/2011,3.9271
08/08/2011,3.8087
05/08/2011,3.6810
04/08/2011,3.7470
03/08/2011,3.6515
02/08/2011,3.7222
01/08/2011,3.5776
29/07/2011,3.5344
28/07/2011,3.4901
27/07/2011,3.4981
26/07/2011,3.4378
25/07/2011,3.4572
22/07/2011,3.3910
21/07/2011,3.3857
20/07/2011,3.4247
19/07/2011,3.4429
18/07/2011,3.4977
15/07/2011,3.4791
14/07/2011,3.4870
13/07/2011,3.4714
12/07/2011,3.4781
11/07/2011,3.4118
08/07/2011,3.3096
07/07/2011,3.2422
06/07/2011,3.2891
05/07/2011,3.2549
04/07/2011,3.1962
01/07/2011,3.2005
30/06/2011,3.2645
29/06/2011,3.3099
28/06/2011,3.3527
27/06/2011,3.3533
24/06/2011,3.3734
23/06/2011,3.3377
22/06/2011,3.3079
21/06/2011,3.2837
20/06/2011,3.2945
17/06/2011,3.2739
16/06/2011,3.3062
15/06/2011,3.2651
14/06/2011,3.2193
13/06/2011,3.2607
10/06/2011,3.2564
09/06/2011,3.2303
08/06/2011,3.2408
07/06/2011,3.2058
06/06/2011,3.2542
03/06/2011,3.2427
02/06/2011,3.2340
01/06/2011,3.2908
31/05/2011,3.2131
30/05/2011,3.2671
27/05/2011,3.2630
26/05/2011,3.2573
25/05/2011,3.2258
24/05/2011,3.1832
23/05/2011,3.1806
20/05/2011,3.1563
19/05/2011,3.1098
18/05/2011,3.1192
17/05/2011,3.1316
16/05/2011,3.1387
13/05/2011,3.1255
12/05/2011,3.1042
11/05/2011,3.1054
10/05/2011,3.0964
09/05/2011,3.1384
06/05/2011,3.1444
05/05/2011,3.1357
04/05/2011,3.0947
03/05/2011,3.0886
02/05/2011,3.0601
29/04/2011,3.0682
28/04/2011,3.0423
27/04/2011,3.0343
26/04/2011,3.0775
25/04/2011,3.0717
22/04/2011,3.0619
21/04/2011,3.0546
20/04/2011,3.0792
19/04/2011,3.0754
18/04/2011,3.1286
15/04/2011,3.0669
14/04/2011,3.0530
13/04/2011,3.0610
12/04/2011,3.0705
11/04/2011,3.0337
08/04/2011,3.0170
07/04/2011,3.0256
06/04/2011,3.0164
05/04/2011,3.0345
04/04/2011,3.0669
01/04/2011,3.0551
31/03/2011,3.0930
30/03/2011,3.0949
29/03/2011,3.0751
28/03/2011,3.0976
25/03/2011,3.0922
24/03/2011,3.1170
23/03/2011,3.1521
22/03/2011,3.1422
21/03/2011,3.1315
18/03/2011,3.1826
17/03/2011,3.2292
16/03/2011,3.2648
15/03/2011,3.1534
14/03/2011,3.1179
11/03/2011,3.0949
10/03/2011,3.1262
09/03/2011,3.0793
08/03/2011,3.0527
07/03/2011,3.0669
04/03/2011,3.0742
03/03/2011,3.0637
02/03/2011,3.1021
01/03/2011,3.1174
28/02/2011,3.0865
25/02/2011,3.1201
24/02/2011,3.1124
23/02/2011,3.1008
22/02/2011,3.1004
21/02/2011,3.0434
18/02/2011,3.0248
17/02/2011,3.0206
16/02/2011,3.0023
15/02/2011,3.0123
14/02/2011,3.0175
11/02/2011,2.9718
10/02/2011,2.9753
09/02/2011,2.9715
08/02/2011,2.9609
07/02/2011,2.9890
04/02/2011,2.9985
03/02/2011,3.0278
02/02/2011,3.0084
01/02/2011,3.0128
31/01/2011,3.0427
28/01/2011,3.0786
27/01/2011,3.0083
26/01/2011,3.0073
25/01/2011,3.0099
24/01/2011,2.9950
21/01/2011,2.9733
20/01/2011,2.9895
19/01/2011,3.0095
18/01/2011,3.0020
17/01/2011,3.0160
14/01/2011,3.0061
13/01/2011,3.0101
12/01/2011,3.0273
11/01/2011,3.0544
10/01/2011,3.1199
07/01/2011,3.1132
06/01/2011,3.0865
05/01/2011,3.0457
04/01/2011,3.0797
03/01/2011,3.1667
31/12/2010,3.1745
30/12/2010,3.1875
29/12/2010,3.1723
28/12/2010,3.1963
27/12/2010,3.1506
24/12/2010,3.1422
23/12/2010,3.1540
22/12/2010,3.1943
21/12/2010,3.1883
20/12/2010,3.1587
17/12/2010,3.1162
16/12/2010,3.1219
15/12/2010,3.1232
14/12/2010,3.1071
13/12/2010,3.0816
10/12/2010,3.1047
09/12/2010,3.0976
08/12/2010,3.0831
07/12/2010,3.0695
06/12/2010,3.0686
03/12/2010,3.0414
02/12/2010,3.0366
01/12/2010,3.0380
30/11/2010,3.0891
29/11/2010,3.1155
26/11/2010,3.0386
25/11/2010,2.9762
24/11/2010,2.9820
23/11/2010,2.9834
22/11/2010,2.9248
19/11/2010,2.9023
18/11/2010,2.8960
17/11/2010,2.9465
16/11/2010,2.9506
15/11/2010,2.9344
12/11/2010,2.9375
11/11/2010,2.9470
10/11/2010,2.9048
09/11/2010,2.9288
08/11/2010,2.9250
05/11/2010,2.8967
04/11/2010,2.8636
03/11/2010,2.8491
02/11/2010,2.8691
01/11/2010,2.8806
29/10/2010,2.8968
28/10/2010,2.9011
27/10/2010,2.9053
26/10/2010,2.8827
25/10/2010,2.8984
22/10/2010,2.9066
21/10/2010,2.9547
20/10/2010,2.9412
19/10/2010,2.9756
18/10/2010,2.9341
15/10/2010,2.9077
14/10/2010,2.9052
13/10/2010,2.9181
12/10/2010,2.9684
11/10/2010,2.9535
08/10/2010,2.9533
07/10/2010,2.9535
06/10/2010,2.9590
05/10/2010,2.9594
04/10/2010,2.9816
01/10/2010,2.9363
30/09/2010,2.9697
29/09/2010,2.9881
28/09/2010,2.9931
27/09/2010,2.9855
24/09/2010,2.9794
23/09/2010,3.0246
22/09/2010,2.9885
21/09/2010,2.9832
20/09/2010,3.0027
17/09/2010,2.9998
16/09/2010,2.9767
15/09/2010,3.0201
14/09/2010,3.0321
13/09/2010,3.0318
10/09/2010,3.0476
09/09/2010,3.0580
08/09/2010,3.0637
07/09/2010,3.0766
06/09/2010,3.0185
03/09/2010,3.0050
02/09/2010,3.0437
01/09/2010,3.0509
31/08/2010,3.1124
30/08/2010,3.0718
27/08/2010,3.0227
26/08/2010,3.0717
25/08/2010,3.0657
24/08/2010,3.0748
23/08/2010,3.0509
20/08/2010,3.0257
19/08/2010,3.0023
18/08/2010,2.9382
17/08/2010,2.9337
16/08/2010,2.9863
13/08/2010,2.9863
12/08/2010,2.9724
11/08/2010,2.9428
10/08/2010,2.8747
09/08/2010,2.8578
06/08/2010,2.8903
05/08/2010,2.8918
04/08/2010,2.8755
03/08/2010,2.9119
02/08/2010,2.9072
30/07/2010,2.9472
29/07/2010,2.9440
28/07/2010,2.9158
27/07/2010,2.9065
26/07/2010,2.9528
23/07/2010,2.9893
22/07/2010,3.0348
21/07/2010,3.0640
20/07/2010,3.0303
19/07/2010,3.0252
16/07/2010,3.0221
15/07/2010,3.0255
14/07/2010,3.0205
13/07/2010,3.0301
12/07/2010,3.0450
09/07/2010,3.0446
08/07/2010,3.0610
07/07/2010,3.0794
06/07/2010,3.0730
05/07/2010,3.0816
02/07/2010,3.1112
01/07/2010,3.1366
30/06/2010,3.1462
29/06/2010,3.1542
28/06/2010,3.1136
25/06/2010,3.0448
24/06/2010,3.0316
23/06/2010,2.9882
22/06/2010,2.9919
21/06/2010,2.9670
18/06/2010,2.9457
17/06/2010,2.9592
16/06/2010,2.9199
15/06/2010,2.9072
14/06/2010,2.9194
11/06/2010,2.9487
10/06/2010,2.9523
09/06/2010,3.0124
08/06/2010,2.9912
07/06/2010,3.0017
04/06/2010,3.0029
03/06/2010,2.9264
02/06/2010,2.8915
01/06/2010,2.9092
31/05/2010,2.8640
28/05/2010,2.8686
27/05/2010,2.8499
26/05/2010,2.9241
25/05/2010,2.8958
24/05/2010,2.8654
21/05/2010,2.8504
20/05/2010,2.9008
19/05/2010,2.8761
18/05/2010,2.8985
17/05/2010,2.8677
14/05/2010,2.8647
13/05/2010,2.8158
12/05/2010,2.8180
11/05/2010,2.8601
10/05/2010,2.8313
07/05/2010,2.9133
06/05/2010,2.9899
05/05/2010,2.8489
04/05/2010,2.8075
03/05/2010,2.7374
30/04/2010,2.7415
29/04/2010,2.7221
28/04/2010,2.7279
27/04/2010,2.7445
26/04/2010,2.7029
23/04/2010,2.7046
22/04/2010,2.7121
21/04/2010,2.6962
20/04/2010,2.7043
19/04/2010,2.7167
16/04/2010,2.7066
15/04/2010,2.6898
14/04/2010,2.6863
13/04/2010,2.7012
12/04/2010,2.6836
09/04/2010,2.6908
08/04/2010,2.6857
07/04/2010,2.6748
06/04/2010,2.6763
05/04/2010,2.6814
02/04/2010,2.6851
01/04/2010,2.6901
31/03/2010,2.7070
30/03/2010,2.7064
29/03/2010,2.7100
26/03/2010,2.7282
25/03/2010,2.7336
24/03/2010,2.7242
23/03/2010,2.7217
22/03/2010,2.7107
19/03/2010,2.7108
18/03/2010,2.6940
17/03/2010,2.6696
16/03/2010,2.6631
15/03/2010,2.6800
12/03/2010,2.6655
11/03/2010,2.6698
10/03/2010,2.6561
09/03/2010,2.6452
08/03/2010,2.6417
05/03/2010,2.6456
04/03/2010,2.6637
03/03/2010,2.6705
02/03/2010,2.6746
01/03/2010,2.6810
26/02/2010,2.6945
25/02/2010,2.7151
24/02/2010,2.7214
23/02/2010,2.7332
22/02/2010,2.7086
19/02/2010,2.7247
18/02/2010,2.7209
17/02/2010,2.7115
16/02/2010,2.7094
15/02/2010,2.7526
12/02/2010,2.7409
11/02/2010,2.7351
10/02/2010,2.7713
09/02/2010,2.7641
08/02/2010,2.8034
05/02/2010,2.7909
04/02/2010,2.7838
03/02/2010,2.7229
02/02/2010,2.6963
01/02/2010,2.7058
29/01/2010,2.7542
28/01/2010,2.7763
27/01/2010,2.7805
26/01/2010,2.7690
25/01/2010,2.7662
22/01/2010,2.7803
21/01/2010,2.7846
20/01/2010,2.7508
19/01/2010,2.7116
18/01/2010,2.7257
15/01/2010,2.7378
14/01/2010,2.7390
13/01/2010,2.7438
12/01/2010,2.7643
11/01/2010,2.7568
08/01/2010,2.7551
07/01/2010,2.7782
06/01/2010,2.7631
05/01/2010,2.7543
04/01/2010,2.7563
01/01/2010,2.7541
31/12/2009,2.7690
30/12/2009,2.7761
29/12/2009,2.7835
28/12/2009,2.7968
25/12/2009,2.7862
24/12/2009,2.7789
23/12/2009,2.7946
22/12/2009,2.7879
21/12/2009,2.8093
18/12/2009,2.8060
17/12/2009,2.7938
16/12/2009,2.7694
15/12/2009,2.7758
14/12/2009,2.7462
11/12/2009,2.7438
10/12/2009,2.7488
09/12/2009,2.7510
08/12/2009,2.7329
07/12/2009,2.6926
04/12/2009,2.6880
03/12/2009,2.7169
02/12/2009,2.7223
01/12/2009,2.7291
30/11/2009,2.7572
27/11/2009,2.7574
26/11/2009,2.7603
25/11/2009,2.7175
24/11/2009,2.7261
23/11/2009,2.7279
20/11/2009,2.7450
19/11/2009,2.7313
18/11/2009,2.7145
17/11/2009,2.7071
16/11/2009,2.7059
13/11/2009,2.7172
12/11/2009,2.7335
11/11/2009,2.7367
10/11/2009,2.7668
09/11/2009,2.7792
06/11/2009,2.8070
05/11/2009,2.8162
04/11/2009,2.8119
03/11/2009,2.8240
02/11/2009,2.8468
30/10/2009,2.8136
29/10/2009,2.7939
28/10/2009,2.8352
27/10/2009,2.7874
26/10/2009,2.7753
23/10/2009,2.7589
22/10/2009,2.7580
21/10/2009,2.7551
20/10/2009,2.7612
19/10/2009,2.7523
16/10/2009,2.7722
15/10/2009,2.7599
14/10/2009,2.7812
13/10/2009,2.7792
12/10/2009,2.7837
09/10/2009,2.8036
08/10/2009,2.7916
07/10/2009,2.7830
06/10/2009,2.7691
05/10/2009,2.7744
02/10/2009,2.8009
01/10/2009,2.8194
30/09/2009,2.7731
29/09/2009,2.8026
28/09/2009,2.7805
25/09/2009,2.7832
24/09/2009,2.7744
23/09/2009,2.7712
22/09/2009,2.7469
21/09/2009,2.7529
18/09/2009,2.7252
17/09/2009,2.7268
16/09/2009,2.7146
15/09/2009,2.7364
14/09/2009,2.7714
11/09/2009,2.7539
10/09/2009,2.7349
09/09/2009,2.7225
08/09/2009,2.6976
07/09/2009,2.6984
04/09/2009,2.6963
03/09/2009,2.7231
02/09/2009,2.7435
01/09/2009,2.7545
31/08/2009,2.6986
28/08/2009,2.6995
27/08/2009,2.7124
26/08/2009,2.7069
25/08/2009,2.6913
24/08/2009,2.7066
21/08/2009,2.7088
20/08/2009,2.7332
19/08/2009,2.7435
18/08/2009,2.7432
17/08/2009,2.7547
14/08/2009,2.7225
13/08/2009,2.6947
12/08/2009,2.7126
11/08/2009,2.7284
10/08/2009,2.6826
07/08/2009,2.6675
06/08/2009,2.7337
05/08/2009,2.6879
04/08/2009,2.6860
03/08/2009,2.6709
31/07/2009,2.7260
30/07/2009,2.7177
29/07/2009,2.7483
28/07/2009,2.7438
27/07/2009,2.7294
24/07/2009,2.7540
23/07/2009,2.7812
22/07/2009,2.8114
21/07/2009,2.8160
20/07/2009,2.7957
17/07/2009,2.8583
16/07/2009,2.8415
15/07/2009,2.8258
14/07/2009,2.8296
13/07/2009,2.9007
10/07/2009,2.8880
09/07/2009,2.8765
08/07/2009,2.9233
07/07/2009,2.9069
06/07/2009,2.8857
03/07/2009,2.8664
02/07/2009,2.8857
01/07/2009,2.8591
30/06/2009,2.9230
29/06/2009,2.9457
26/06/2009,2.9546
25/06/2009,2.9415
24/06/2009,2.9650
23/06/2009,3.0312
22/06/2009,3.0146
19/06/2009,3.0078
18/06/2009,3.0011
17/06/2009,3.0103
16/06/2009,3.0010
15/06/2009,3.0062
12/06/2009,2.9585
11/06/2009,2.9607
10/06/2009,2.9724
09/06/2009,2.9543
08/06/2009,2.9787
05/06/2009,2.9924
04/06/2009,2.9706
03/06/2009,2.9887
02/06/2009,2.9463
01/06/2009,2.9441
29/05/2009,2.9848
28/05/2009,2.9900
27/05/2009,2.9400
26/05/2009,2.9154
25/05/2009,2.9049
22/05/2009,2.8992
21/05/2009,2.8910
20/05/2009,2.8652
19/05/2009,2.8856
18/05/2009,2.9211
15/05/2009,2.9667
14/05/2009,2.9714
13/05/2009,2.9582
12/05/2009,2.9141
11/05/2009,2.9113
08/05/2009,2.8879
07/05/2009,2.8893
06/05/2009,2.8994
05/05/2009,2.8933
04/05/2009,2.8829
01/05/2009,2.9000
30/04/2009,2.9332
29/04/2009,2.9189
28/04/2009,2.9815
27/04/2009,3.0272
24/04/2009,2.9762
23/04/2009,2.9729
22/04/2009,2.9113
21/04/2009,2.9060
20/04/2009,2.9242
17/04/2009,2.8323
16/04/2009,2.8313
15/04/2009,2.8251
14/04/2009,2.8350
13/04/2009,2.8720
10/04/2009,2.8706
09/04/2009,2.8425
08/04/2009,2.9165
07/04/2009,2.9623
06/04/2009,2.9224
03/04/2009,2.9255
02/04/2009,2.8922
01/04/2009,2.9623
31/03/2009,3.0717
30/03/2009,3.1143
27/03/2009,3.0770
26/03/2009,2.9883
25/03/2009,3.0009
24/03/2009,2.9780
23/03/2009,2.9625
20/03/2009,3.0011
19/03/2009,3.0143
18/03/2009,2.9200
17/03/2009,2.9282
16/03/2009,2.9032
13/03/2009,2.9283
12/03/2009,2.9308
11/03/2009,3.1124
10/03/2009,3.1489
09/03/2009,3.2478
06/03/2009,3.2203
05/03/2009,3.2289
04/03/2009,3.1591
03/03/2009,3.2307
02/03/2009,3.2244
27/02/2009,3.1245
26/02/2009,3.1894
25/02/2009,3.1521
24/02/2009,3.1021
23/02/2009,3.1096
20/02/2009,3.2160
19/02/2009,3.2231
18/02/2009,3.2346
17/02/2009,3.3382
16/02/2009,3.2646
13/02/2009,3.1066
12/02/2009,3.0983
11/02/2009,3.0391
10/02/2009,3.0516
09/02/2009,2.9258
06/02/2009,3.0116
05/02/2009,3.0785
04/02/2009,3.1333
03/02/2009,3.1157
02/02/2009,3.0007
30/01/2009,3.0058
29/01/2009,2.9405
28/01/2009,2.8699
27/01/2009,2.9304
26/01/2009,2.9343
23/01/2009,2.9322
22/01/2009,2.9134
21/01/2009,2.8619
20/01/2009,2.9401
19/01/2009,2.9025
16/01/2009,2.8854
15/01/2009,2.8271
14/01/2009,2.8429
13/01/2009,2.8054
12/01/2009,2.7750
09/01/2009,2.6908
08/01/2009,2.6928
07/01/2009,2.6848
06/01/2009,2.6288
05/01/2009,2.7064
02/01/2009,2.7781
01/01/2009,2.7626
31/12/2008,2.7790
30/12/2008,2.7975
29/12/2008,2.7898
26/12/2008,2.7196
25/12/2008,2.7221
24/12/2008,2.7436
23/12/2008,2.7046
22/12/2008,2.7058
19/12/2008,2.6932
18/12/2008,2.6768
17/12/2008,2.6592
16/12/2008,2.5751
15/12/2008,2.5088
12/12/2008,2.4969
11/12/2008,2.4533
10/12/2008,2.5309
09/12/2008,2.5244
08/12/2008,2.4978
05/12/2008,2.5000
04/12/2008,2.5396
03/12/2008,2.5162
02/12/2008,2.5119
01/12/2008,2.5114
28/11/2008,2.4553
27/11/2008,2.4292
26/11/2008,2.4252
25/11/2008,2.4490
24/11/2008,2.4921
21/11/2008,2.5219
20/11/2008,2.5127
19/11/2008,2.5292
18/11/2008,2.5241
17/11/2008,2.4823
14/11/2008,2.4503
13/11/2008,2.4303
12/11/2008,2.5431
11/11/2008,2.5475
10/11/2008,2.4920
07/11/2008,2.4220
06/11/2008,2.4304
05/11/2008,2.3540
04/11/2008,2.3277
03/11/2008,2.3748
31/10/2008,2.3980
30/10/2008,2.4455
29/10/2008,2.4257
28/10/2008,2.4977
27/10/2008,2.6631
24/10/2008,2.5945
23/10/2008,2.5732
22/10/2008,2.5544
21/10/2008,2.4501
20/10/2008,2.3304
17/10/2008,2.3311
16/10/2008,2.3261
15/10/2008,2.3636
14/10/2008,2.2445
13/10/2008,2.2886
10/10/2008,2.3441
09/10/2008,2.3441
08/10/2008,2.2529
07/10/2008,2.2195
06/10/2008,2.2283
03/10/2008,2.1876
02/10/2008,2.1822
01/10/2008,2.1555
30/09/2008,2.1472
29/09/2008,2.1641
26/09/2008,2.1101
25/09/2008,2.0976
24/09/2008,2.0907
23/09/2008,2.0760
22/09/2008,2.0796
19/09/2008,2.0632
18/09/2008,2.0937
17/09/2008,2.1359
16/09/2008,2.1017
15/09/2008,2.1207
12/09/2008,2.0708
11/09/2008,2.1291
10/09/2008,2.1280
09/09/2008,2.1794
08/09/2008,2.1738
05/09/2008,2.1617
04/09/2008,2.1462
03/09/2008,2.1078
02/09/2008,2.0880
01/09/2008,2.0801
29/08/2008,2.0622
28/08/2008,2.0762
27/08/2008,2.0675
26/08/2008,2.0653
25/08/2008,2.0418
22/08/2008,2.0289
21/08/2008,2.0361
20/08/2008,2.0447
19/08/2008,2.0586
18/08/2008,2.0555
15/08/2008,2.0728
14/08/2008,2.0495
13/08/2008,2.0398
12/08/2008,2.0122
11/08/2008,2.0266
08/08/2008,2.0164
07/08/2008,1.9965
06/08/2008,1.9864
05/08/2008,1.9731
04/08/2008,1.9640
01/08/2008,1.9647
31/07/2008,1.9691
30/07/2008,1.9649
29/07/2008,1.9668
28/07/2008,1.9704
25/07/2008,1.9704
24/07/2008,1.9817
23/07/2008,1.9990
22/07/2008,1.9907
21/07/2008,1.9883
18/07/2008,1.9829
17/07/2008,1.9945
16/07/2008,1.9968
15/07/2008,2.0201
14/07/2008,2.0139
11/07/2008,2.0132
10/07/2008,2.0144
09/07/2008,2.0241
08/07/2008,2.0307
07/07/2008,2.0488
04/07/2008,2.0577
03/07/2008,2.0675
02/07/2008,2.0811
01/07/2008,2.0830
30/06/2008,2.0857
27/06/2008,2.0877
26/06/2008,2.0928
25/06/2008,2.0688
24/06/2008,2.0785
23/06/2008,2.0718
20/06/2008,2.0858
19/06/2008,2.0803
18/06/2008,2.0968
17/06/2008,2.0913
16/06/2008,2.0938
13/06/2008,2.1048
12/06/2008,2.1120
11/06/2008,2.1106
10/06/2008,2.0995
09/06/2008,2.1032
06/06/2008,2.1162
05/06/2008,2.0912
04/06/2008,2.1001
03/06/2008,2.0968
02/06/2008,2.0975
30/05/2008,2.0809
29/05/2008,2.0764
28/05/2008,2.0932
27/05/2008,2.0957
26/05/2008,2.0994
23/05/2008,2.1131
22/05/2008,2.1041
21/05/2008,2.1062
20/05/2008,2.0850
19/05/2008,2.0727
16/05/2008,2.0724
15/05/2008,2.0815
14/05/2008,2.0785
13/05/2008,2.0759
12/05/2008,2.0832
09/05/2008,2.1047
08/05/2008,2.1071
07/05/2008,2.1023
06/05/2008,2.1074
05/05/2008,2.1117
02/05/2008,2.1050
01/05/2008,2.1359
30/04/2008,2.1341
29/04/2008,2.1425
28/04/2008,2.1246
25/04/2008,2.1292
24/04/2008,2.1125
23/04/2008,2.1146
22/04/2008,2.1265
21/04/2008,2.1289
18/04/2008,2.1331
17/04/2008,2.1436
16/04/2008,2.1409
15/04/2008,2.1412
14/04/2008,2.1532
11/04/2008,2.1689
10/04/2008,2.1597
09/04/2008,2.1787
08/04/2008,2.1702
07/04/2008,2.1755
04/04/2008,2.1941
03/04/2008,2.1959
02/04/2008,2.2043
01/04/2008,2.2161
31/03/2008,2.2410
28/03/2008,2.2398
27/03/2008,2.2481
26/03/2008,2.2516
25/03/2008,2.2432
24/03/2008,2.2457
21/03/2008,2.2686
20/03/2008,2.2732
19/03/2008,2.2741
18/03/2008,2.2534
17/03/2008,2.2854
14/03/2008,2.2661
13/03/2008,2.2412
12/03/2008,2.2403
11/03/2008,2.2340
10/03/2008,2.2822
07/03/2008,2.2658
06/03/2008,2.2696
05/03/2008,2.2332
04/03/2008,2.2341
03/03/2008,2.2196
29/02/2008,2.2313
28/02/2008,2.1988
27/02/2008,2.1867
26/02/2008,2.1995
25/02/2008,2.1863
22/02/2008,2.2172
21/02/2008,2.2116
20/02/2008,2.2096
19/02/2008,2.2199
18/02/2008,2.2127
15/02/2008,2.2283
14/02/2008,2.2336
13/02/2008,2.2239
12/02/2008,2.2438
11/02/2008,2.2581
08/02/2008,2.2644
07/02/2008,2.2579
06/02/2008,2.2450
05/02/2008,2.2333
04/02/2008,2.2075
01/02/2008,2.2252
31/01/2008,2.2413
30/01/2008,2.2419
29/01/2008,2.2420
28/01/2008,2.2491
25/01/2008,2.2452
24/01/2008,2.2516
23/01/2008,2.2702
22/01/2008,2.2596
21/01/2008,2.2808
18/01/2008,2.2582
17/01/2008,2.2423
16/01/2008,2.2353
15/01/2008,2.2104
14/01/2008,2.1986
11/01/2008,2.1968
10/01/2008,2.1921
09/01/2008,2.1994
08/01/2008,2.1976
07/01/2008,2.2013
04/01/2008,2.2108
03/01/2008,2.1968
02/01/2008,2.1950
01/01/2008,2.1761
31/12/2007,2.1787
28/12/2007,2.1706
27/12/2007,2.1697
26/12/2007,2.1613
25/12/2007,2.1641
24/12/2007,2.1663
21/12/2007,2.1803
20/12/2007,2.1812
19/12/2007,2.1784
18/12/2007,2.1738
17/12/2007,2.1929
14/12/2007,2.1739
13/12/2007,2.1574
12/12/2007,2.1444
11/12/2007,2.1662
10/12/2007,2.1508
07/12/2007,2.1617
06/12/2007,2.1669
05/12/2007,2.1770
04/12/2007,2.1919
03/12/2007,2.1824
30/11/2007,2.1787
29/11/2007,2.2025
28/11/2007,2.2071
27/11/2007,2.2382
26/11/2007,2.2675
23/11/2007,2.2529
22/11/2007,2.2522
21/11/2007,2.2535
20/11/2007,2.2355
19/11/2007,2.2584
16/11/2007,2.2418
15/11/2007,2.2350
14/11/2007,2.2139
13/11/2007,2.2106
12/11/2007,2.2208
09/11/2007,2.2079
08/11/2007,2.1951
07/11/2007,2.1959
06/11/2007,2.1786
05/11/2007,2.1840
02/11/2007,2.1784
01/11/2007,2.1878
31/10/2007,2.1600
30/10/2007,2.1741
29/10/2007,2.1574
26/10/2007,2.1558
25/10/2007,2.1750
24/10/2007,2.1921
23/10/2007,2.1939
22/10/2007,2.1886
19/10/2007,2.2113
18/10/2007,2.2079
17/10/2007,2.2134
16/10/2007,2.2165
15/10/2007,2.2120
12/10/2007,2.2158
11/10/2007,2.2241
10/10/2007,2.2435
09/10/2007,2.2435
08/10/2007,2.2512
05/10/2007,2.2593
04/10/2007,2.2682
03/10/2007,2.2713
02/10/2007,2.2648
01/10/2007,2.2706
28/09/2007,2.2701
27/09/2007,2.2771
26/09/2007,2.2863
25/09/2007,2.2889
24/09/2007,2.2772
21/09/2007,2.2762
20/09/2007,2.2862
19/09/2007,2.2797
18/09/2007,2.2829
17/09/2007,2.3025
14/09/2007,2.2866
13/09/2007,2.2997
12/09/2007,2.2897
11/09/2007,2.2939
10/09/2007,2.3179
07/09/2007,2.3321
06/09/2007,2.3175
05/09/2007,2.3255
04/09/2007,2.3164
03/09/2007,2.3183
31/08/2007,2.3186
30/08/2007,2.3274
29/08/2007,2.3327
28/08/2007,2.3488
27/08/2007,2.3317
24/08/2007,2.3307
23/08/2007,2.3468
22/08/2007,2.3483
21/08/2007,2.3712
20/08/2007,2.3624
17/08/2007,2.3468
16/08/2007,2.3463
15/08/2007,2.3369
14/08/2007,2.3253
13/08/2007,2.3030
10/08/2007,2.2976
09/08/2007,2.3098
08/08/2007,2.2797
07/08/2007,2.2965
06/08/2007,2.3047
03/08/2007,2.3122
02/08/2007,2.2974
01/08/2007,2.3050
31/07/2007,2.3096
30/07/2007,2.2989
27/07/2007,2.3057
26/07/2007,2.3062
25/07/2007,2.2787
24/07/2007,2.2795
23/07/2007,2.2595
20/07/2007,2.2696
19/07/2007,2.2580
18/07/2007,2.2683
17/07/2007,2.2607
16/07/2007,2.2619
13/07/2007,2.2644
12/07/2007,2.2601
11/07/2007,2.2721
10/07/2007,2.2800
09/07/2007,2.2743
06/07/2007,2.2649
05/07/2007,2.2794
04/07/2007,2.2688
03/07/2007,2.2744
02/07/2007,2.2827
29/06/2007,2.2798
28/06/2007,2.2741
27/06/2007,2.2861
26/06/2007,2.2969
25/06/2007,2.2927
22/06/2007,2.2835
21/06/2007,2.2776
20/06/2007,2.2872
19/06/2007,2.2670
18/06/2007,2.2811
15/06/2007,2.2853
14/06/2007,2.3016
13/06/2007,2.3098
12/06/2007,2.3234
11/06/2007,2.3118
08/06/2007,2.3226
07/06/2007,2.3374
06/06/2007,2.3319
05/06/2007,2.3234
04/06/2007,2.3035
01/06/2007,2.2957
31/05/2007,2.3117
30/05/2007,2.3189
29/05/2007,2.3229
28/05/2007,2.3048
25/05/2007,2.3080
24/05/2007,2.3163
23/05/2007,2.2937
22/05/2007,2.2900
21/05/2007,2.2763
18/05/2007,2.2844
17/05/2007,2.2852
16/05/2007,2.2951
15/05/2007,2.2894
14/05/2007,2.2813
11/05/2007,2.2800
10/05/2007,2.2936
09/05/2007,2.2698
08/05/2007,2.2747
07/05/2007,2.2747
04/05/2007,2.2727
03/05/2007,2.2772
02/05/2007,2.2801
01/05/2007,2.2911
30/04/2007,2.2994
27/04/2007,2.2901
26/04/2007,2.2976
25/04/2007,2.2985
24/04/2007,2.3079
23/04/2007,2.3041
20/04/2007,2.3035
19/04/2007,2.3248
18/04/2007,2.3234
17/04/2007,2.3183
16/04/2007,2.3220
13/04/2007,2.3266
12/04/2007,2.3394
11/04/2007,2.3376
10/04/2007,2.3453
09/04/2007,2.3415
06/04/2007,2.3487
05/04/2007,2.3517
04/04/2007,2.3578
03/04/2007,2.3603
02/04/2007,2.3750
30/03/2007,2.3814
29/03/2007,2.3841
28/03/2007,2.3986
27/03/2007,2.3932
26/03/2007,2.3899
23/03/2007,2.3880
22/03/2007,2.3917
21/03/2007,2.3850
20/03/2007,2.4024
19/03/2007,2.4011
16/03/2007,2.4231
15/03/2007,2.4162
14/03/2007,2.4165
13/03/2007,2.4251
12/03/2007,2.4024
09/03/2007,2.3895
08/03/2007,2.4032
07/03/2007,2.4310
06/03/2007,2.4280
05/03/2007,2.4490
02/03/2007,2.4289
01/03/2007,2.4160
28/02/2007,2.4223
27/02/2007,2.4375
26/02/2007,2.4039
23/02/2007,2.3914
22/02/2007,2.3890
21/02/2007,2.3856
20/02/2007,2.3965
19/02/2007,2.4054
16/02/2007,2.4043
15/02/2007,2.4104
14/02/2007,2.3999
13/02/2007,2.4037
12/02/2007,2.4135
09/02/2007,2.3979
08/02/2007,2.3903
07/02/2007,2.4000
06/02/2007,2.4041
05/02/2007,2.3873
02/02/2007,2.4169
01/02/2007,2.4078
31/01/2007,2.4064
30/01/2007,2.4199
29/01/2007,2.4219
26/01/2007,2.4230
25/01/2007,2.4457
24/01/2007,2.3982
23/01/2007,2.3976
22/01/2007,2.3866
19/01/2007,2.3833
18/01/2007,2.3840
17/01/2007,2.4080
16/01/2007,2.4107
15/01/2007,2.3958
12/01/2007,2.4002
11/01/2007,2.4085
10/01/2007,2.4022
09/01/2007,2.4068
08/01/2007,2.3994
05/01/2007,2.4121
04/01/2007,2.4114
03/01/2007,2.3786
02/01/2007,2.3763
01/01/2007,2.3830
29/12/2006,2.3826
28/12/2006,2.3836
27/12/2006,2.3866
26/12/2006,2.3902
25/12/2006,2.3960
22/12/2006,2.3891
21/12/2006,2.3811
20/12/2006,2.3673
19/12/2006,2.3851
18/12/2006,2.3750
15/12/2006,2.3759
14/12/2006,2.3694
13/12/2006,2.3818
12/12/2006,2.3914
11/12/2006,2.3979
08/12/2006,2.4059
07/12/2006,2.4055
06/12/2006,2.3999
05/12/2006,2.3984
04/12/2006,2.3946
01/12/2006,2.3906
30/11/2006,2.4040
29/11/2006,2.3993
28/11/2006,2.4141
27/11/2006,2.4154
24/11/2006,2.4270
23/11/2006,2.4082
22/11/2006,2.4002
21/11/2006,2.3880
20/11/2006,2.3829
17/11/2006,2.3829
16/11/2006,2.3751
15/11/2006,2.3777
14/11/2006,2.3895
13/11/2006,2.3977
10/11/2006,2.3996
09/11/2006,2.4033
08/11/2006,2.4037
07/11/2006,2.3950
06/11/2006,2.3921
03/11/2006,2.4105
02/11/2006,2.4310
01/11/2006,2.4328
31/10/2006,2.4353
30/10/2006,2.4489
27/10/2006,2.4402
26/10/2006,2.4301
25/10/2006,2.4426
24/10/2006,2.4406
23/10/2006,2.4365
20/10/2006,2.4344
19/10/2006,2.4356
18/10/2006,2.4467
17/10/2006,2.4432
16/10/2006,2.4397
13/10/2006,2.4354
12/10/2006,2.4373
11/10/2006,2.4516
10/10/2006,2.4532
09/10/2006,2.4655
06/10/2006,2.4674
05/10/2006,2.4761
04/10/2006,2.4749
03/10/2006,2.4907
02/10/2006,2.5008
29/09/2006,2.5067
28/09/2006,2.5147
27/09/2006,2.5128
26/09/2006,2.5105
25/09/2006,2.5154
22/09/2006,2.5123
21/09/2006,2.5023
20/09/2006,2.4945
19/09/2006,2.4952
18/09/2006,2.4815
15/09/2006,2.4777
14/09/2006,2.4876
13/09/2006,2.4944
12/09/2006,2.5088
11/09/2006,2.5185
08/09/2006,2.5224
07/09/2006,2.5150
06/09/2006,2.5162
05/09/2006,2.5096
04/09/2006,2.5112
01/09/2006,2.5095
31/08/2006,2.5046
30/08/2006,2.4971
29/08/2006,2.5026
28/08/2006,2.4990
25/08/2006,2.4935
24/08/2006,2.4935
23/08/2006,2.4950
22/08/2006,2.4668
21/08/2006,2.4790
18/08/2006,2.4750
17/08/2006,2.4509
16/08/2006,2.4518
15/08/2006,2.4495
14/08/2006,2.4558
11/08/2006,2.4426
10/08/2006,2.4627
09/08/2006,2.4448
08/08/2006,2.4573
07/08/2006,2.4562
04/08/2006,2.4618
03/08/2006,2.4764
02/08/2006,2.4943
01/08/2006,2.5008
31/07/2006,2.5052
28/07/2006,2.5063
27/07/2006,2.4896
26/07/2006,2.4836
25/07/2006,2.4876
24/07/2006,2.4886
21/07/2006,2.5187
20/07/2006,2.5054
19/07/2006,2.5253
18/07/2006,2.5690
17/07/2006,2.5850
14/07/2006,2.5805
13/07/2006,2.5985
12/07/2006,2.5878
11/07/2006,2.5765
10/07/2006,2.5891
07/07/2006,2.5988
06/07/2006,2.5618
05/07/2006,2.5814
04/07/2006,2.5589
03/07/2006,2.5575
30/06/2006,2.5981
29/06/2006,2.5918
28/06/2006,2.6010
27/06/2006,2.6031
26/06/2006,2.6180
23/06/2006,2.6224
22/06/2006,2.6201
21/06/2006,2.6094
20/06/2006,2.6104
19/06/2006,2.6093
16/06/2006,2.6048
15/06/2006,2.6143
14/06/2006,2.6054
13/06/2006,2.5901
12/06/2006,2.5720
09/06/2006,2.5516
08/06/2006,2.5359
07/06/2006,2.5255
06/06/2006,2.5423
05/06/2006,2.5518
02/06/2006,2.5235
01/06/2006,2.5038
31/05/2006,2.5251
30/05/2006,2.5293
29/05/2006,2.5160
26/05/2006,2.5025
25/05/2006,2.5242
24/05/2006,2.5440
23/05/2006,2.5633
22/05/2006,2.5621
19/05/2006,2.5436
18/05/2006,2.5566
17/05/2006,2.5665
16/05/2006,2.4982
15/05/2006,2.5340
12/05/2006,2.5091
11/05/2006,2.4701
10/05/2006,2.4630
09/05/2006,2.4691
08/05/2006,2.4500
05/05/2006,2.4531
04/05/2006,2.4438
03/05/2006,2.4371
02/05/2006,2.4506
01/05/2006,2.4722
28/04/2006,2.4709
27/04/2006,2.4487
26/04/2006,2.4539
25/04/2006,2.4598
24/04/2006,2.4575
21/04/2006,2.4602
20/04/2006,2.4594
19/04/2006,2.4933
18/04/2006,2.4928
17/04/2006,2.5057
14/04/2006,2.5034
13/04/2006,2.5057
12/04/2006,2.4980
11/04/2006,2.4928
10/04/2006,2.5049
07/04/2006,2.5280
06/04/2006,2.5206
05/04/2006,2.5272
04/04/2006,2.5126
03/04/2006,2.4817
31/03/2006,2.4821
30/03/2006,2.4955
29/03/2006,2.5044
28/03/2006,2.5069
27/03/2006,2.4962
24/03/2006,2.4657
23/03/2006,2.4775
22/03/2006,2.4801
21/03/2006,2.4788
20/03/2006,2.4731
17/03/2006,2.4505
16/03/2006,2.4502
15/03/2006,2.4742
14/03/2006,2.4883
13/03/2006,2.4989
10/03/2006,2.4848
09/03/2006,2.4768
08/03/2006,2.4976
07/03/2006,2.4670
06/03/2006,2.4540
03/03/2006,2.4403
02/03/2006,2.4243
01/03/2006,2.4116
28/02/2006,2.4194
27/02/2006,2.4048
24/02/2006,2.4055
23/02/2006,2.4332
22/02/2006,2.4342
21/02/2006,2.4337
20/02/2006,2.4149
17/02/2006,2.4045
16/02/2006,2.4157
15/02/2006,2.4192
14/02/2006,2.4325
13/02/2006,2.4420
10/02/2006,2.4303
09/02/2006,2.4304
08/02/2006,2.4611
07/02/2006,2.4597
06/02/2006,2.4547
03/02/2006,2.4576
02/02/2006,2.4653
01/02/2006,2.4599
31/01/2006,2.4592
30/01/2006,2.4535
27/01/2006,2.4567
26/01/2006,2.4695
25/01/2006,2.4655
24/01/2006,2.4707
23/01/2006,2.4933
20/01/2006,2.4873
19/01/2006,2.4860
18/01/2006,2.4903
17/01/2006,2.4792
16/01/2006,2.4509
13/01/2006,2.4598
12/01/2006,2.4579
11/01/2006,2.4535
10/01/2006,2.4451
09/01/2006,2.4393
06/01/2006,2.4655
05/01/2006,2.4655
04/01/2006,2.4632
03/01/2006,2.4703
02/01/2006,2.4874
30/12/2005,2.4718
29/12/2005,2.4797
28/12/2005,2.4791
27/12/2005,2.4682
26/12/2005,2.4585
23/12/2005,2.4511
22/12/2005,2.4680
21/12/2005,2.4696
20/12/2005,2.4689
19/12/2005,2.4862
16/12/2005,2.5019
15/12/2005,2.4978
14/12/2005,2.4929
13/12/2005,2.4831
12/12/2005,2.4798
09/12/2005,2.5107
08/12/2005,2.5233
07/12/2005,2.4950
06/12/2005,2.4945
05/12/2005,2.4939
02/12/2005,2.5076
01/12/2005,2.5183
30/11/2005,2.5218
29/11/2005,2.5154
28/11/2005,2.5200
25/11/2005,2.5326
24/11/2005,2.5259
23/11/2005,2.5320
22/11/2005,2.5668
21/11/2005,2.5724
18/11/2005,2.5737
17/11/2005,2.5626
16/11/2005,2.5751
15/11/2005,2.5848
14/11/2005,2.5999
11/11/2005,2.6250
10/11/2005,2.6115
09/11/2005,2.6155
08/11/2005,2.5928
07/11/2005,2.6093
04/11/2005,2.5990
03/11/2005,2.5696
02/11/2005,2.5664
01/11/2005,2.5681
31/10/2005,2.5647
28/10/2005,2.5924
27/10/2005,2.5678
26/10/2005,2.5688
25/10/2005,2.5454
24/10/2005,2.5377
21/10/2005,2.5255
20/10/2005,2.5195
19/10/2005,2.5090
18/10/2005,2.5038
17/10/2005,2.5099
14/10/2005,2.5330
13/10/2005,2.5299
12/10/2005,2.5041
11/10/2005,2.5053
10/10/2005,2.5063
07/10/2005,2.5193
06/10/2005,2.5406
05/10/2005,2.5310
04/10/2005,2.5400
03/10/2005,2.5303
30/09/2005,2.5226
29/09/2005,2.5098
28/09/2005,2.5075
27/09/2005,2.5006
26/09/2005,2.5205
23/09/2005,2.4870
22/09/2005,2.5236
21/09/2005,2.5103
20/09/2005,2.5016
19/09/2005,2.5018
16/09/2005,2.5037
15/09/2005,2.5080
14/09/2005,2.5306
13/09/2005,2.5403
12/09/2005,2.5470
09/09/2005,2.5471
08/09/2005,2.5553
07/09/2005,2.5588
06/09/2005,2.5476
05/09/2005,2.5563
02/09/2005,2.5710
01/09/2005,2.5862
31/08/2005,2.5983
30/08/2005,2.6121
29/08/2005,2.6201
26/08/2005,2.6266
25/08/2005,2.6175
24/08/2005,2.5939
23/08/2005,2.5806
22/08/2005,2.5872
19/08/2005,2.6064
18/08/2005,2.5970
17/08/2005,2.5932
16/08/2005,2.5833
15/08/2005,2.6120
12/08/2005,2.6086
11/08/2005,2.5915
10/08/2005,2.5866
09/08/2005,2.5929
08/08/2005,2.5878
05/08/2005,2.6094
04/08/2005,2.6141
03/08/2005,2.6221
02/08/2005,2.6143
01/08/2005,2.6091
29/07/2005,2.6025
28/07/2005,2.6067
27/07/2005,2.6197
26/07/2005,2.6319
25/07/2005,2.6291
22/07/2005,2.6330
21/07/2005,2.6221
20/07/2005,2.6501
19/07/2005,2.6328
18/07/2005,2.6312
15/07/2005,2.6377
14/07/2005,2.6763
13/07/2005,2.6670
12/07/2005,2.6426
11/07/2005,2.6412
08/07/2005,2.6187
07/07/2005,2.6330
06/07/2005,2.6267
05/07/2005,2.5949
04/07/2005,2.5885
01/07/2005,2.6023
30/06/2005,2.6064
29/06/2005,2.6091
28/06/2005,2.6288
27/06/2005,2.6313
24/06/2005,2.6025
23/06/2005,2.6111
22/06/2005,2.6130
21/06/2005,2.6318
20/06/2005,2.6245
17/06/2005,2.6366
16/06/2005,2.6258
15/06/2005,2.6207
14/06/2005,2.6249
13/06/2005,2.6360
10/06/2005,2.6105
09/06/2005,2.6320
08/06/2005,2.6355
07/06/2005,2.6551
06/06/2005,2.6673
03/06/2005,2.6742
02/06/2005,2.6835
01/06/2005,2.7092
31/05/2005,2.7159
30/05/2005,2.6842
27/05/2005,2.6721
26/05/2005,2.7059
25/05/2005,2.7092
24/05/2005,2.6961
23/05/2005,2.6999
20/05/2005,2.6988
19/05/2005,2.6895
18/05/2005,2.6988
17/05/2005,2.7214
16/05/2005,2.7252
13/05/2005,2.7039
12/05/2005,2.6976
11/05/2005,2.6898
10/05/2005,2.7042
09/05/2005,2.6797
06/05/2005,2.6610
05/05/2005,2.6797
04/05/2005,2.7159
03/05/2005,2.7453
02/05/2005,2.7671
29/04/2005,2.7755
28/04/2005,2.7887
27/04/2005,2.7546
26/04/2005,2.7266
25/04/2005,2.7146
22/04/2005,2.7126
21/04/2005,2.7149
20/04/2005,2.7027
19/04/2005,2.7144
18/04/2005,2.7055
15/04/2005,2.6745
14/04/2005,2.6505
13/04/2005,2.6402
12/04/2005,2.6393
11/04/2005,2.6437
08/04/2005,2.6527
07/04/2005,2.6449
06/04/2005,2.6540
05/04/2005,2.6637
04/04/2005,2.6449
01/04/2005,2.6427
31/03/2005,2.6344
30/03/2005,2.6479
29/03/2005,2.6710
28/03/2005,2.6817
25/03/2005,2.6541
24/03/2005,2.6380
23/03/2005,2.6661
22/03/2005,2.6467
21/03/2005,2.6300
18/03/2005,2.6061
17/03/2005,2.6351
16/03/2005,2.6403
15/03/2005,2.6128
14/03/2005,2.5847
11/03/2005,2.5556
10/03/2005,2.5565
09/03/2005,2.5173
08/03/2005,2.5127
07/03/2005,2.5015
04/03/2005,2.5188
03/03/2005,2.5410
02/03/2005,2.5549
01/03/2005,2.5479
28/02/2005,2.5304
25/02/2005,2.5501
24/02/2005,2.5479
23/02/2005,2.5608
22/02/2005,2.5766
21/02/2005,2.5795
18/02/2005,2.5805
17/02/2005,2.5797
16/02/2005,2.5747
15/02/2005,2.5652
14/02/2005,2.5763
11/02/2005,2.5744
10/02/2005,2.5819
09/02/2005,2.5653
08/02/2005,2.5629
07/02/2005,2.5361
04/02/2005,2.5470
03/02/2005,2.5537
02/02/2005,2.5885
01/02/2005,2.6118
31/01/2005,2.6212
28/01/2005,2.6166
27/01/2005,2.6318
26/01/2005,2.6276
25/01/2005,2.6296
24/01/2005,2.6288
21/01/2005,2.6394
20/01/2005,2.6550
19/01/2005,2.6505
18/01/2005,2.6509
17/01/2005,2.6346
14/01/2005,2.6395
13/01/2005,2.6182
12/01/2005,2.6233
11/01/2005,2.6143
10/01/2005,2.6255
07/01/2005,2.6490
06/01/2005,2.6490
05/01/2005,2.6502
04/01/2005,2.6561
03/01/2005,2.6267